"","decimalLongitude","decimalLatitude","species"
"9",145.117656,-37.630969,1
"10",143.728785,-37.589398,1
"11",144.26808,-37.388807,1
"12",152.438455,-24.791445,1
"13",150.303458,-35.669432,1
"14",145.119128,-37.63059,1
"15",150.667358,-35.160717,1
"16",145.118903,-37.630792,1
"17",145.119011,-37.630691,1
"18",148.696167,-36.36045,1
"19",150.21083,-34.116828,1
"20",150.301494,-35.643372,1
"21",147.725,-37.925278,1
"22",144.289636,-37.477508,1
"23",143.887489,-37.550884,1
"24",150.291774,-34.641916,1
"25",150.164367,-30.273432,1
"26",145.276855,-38.14138,1
"27",145.256103,-38.124967,1
"28",153.371117,-29.366022,1
"29",149.027555,-35.32203,1
"30",147.728826,-37.926001,1
"31",152.935269,-31.474116,1
"32",152.998962,-26.254005,1
"33",152.348865,-24.866081,1
"34",149.161887,-35.316456,1
"35",146.617287,-41.145752,1
"36",144.849434,-37.644211,1
"37",152.834157,-31.490395,1
"38",148.927025,-35.448777,1
"39",149.161629,-35.315935,1
"40",145.263838,-38.13663,1
"41",149.938173,-36.948984,1
"42",149.215001,-35.208273,1
"43",150.558247,-34.853768,1
"44",150.897217,-32.175138,1
"45",150.164367,-30.273432,1
"46",146.986371,-36.778947,1
"47",147.724769,-37.926047,1
"48",151.95277,-24.290579,1
"49",152.87523,-25.610487,1
"50",144.94455,-38.357137,1
"51",144.50742,-37.65847,1
"52",150.164657,-30.280705,1
"53",152.348865,-24.866081,1
"54",147.729295,-37.926535,1
"55",149.161571,-35.274479,1
"56",148.949444,-35.323611,1
"57",153.372408,-29.364735,1
"58",149.980976,-36.621671,1
"59",153.149854,-30.201991,1
"60",144.945297,-38.356033,1
"61",152.885421,-27.136264,1
"62",145.2668,-38.127455,1
"63",149.047272,-33.351272,1
"64",145.144828,-37.796967,1
"65",144.267752,-37.388819,1
"66",144.267284,-37.388885,1
"67",144.267053,-37.389,1
"68",146.485282,-38.14379,1
"69",145.2384,-37.632226,1
"70",153.190132,-30.176643,1
"71",144.267752,-37.388819,1
"72",144.267752,-37.388819,1
"73",144.267053,-37.389,1
"74",144.267053,-37.389,1
"75",144.267053,-37.389,1
"76",144.288187,-37.408549,1
"77",149.067462,-35.268761,1
"78",153.194672,-28.168962,1
"79",144.267287,-37.388882,1
"80",144.272684,-37.388544,1
"81",144.267752,-37.388819,1
"82",145.237094,-37.630053,1
"83",144.267053,-37.389,1
"84",144.267053,-37.389,1
"85",144.267053,-37.389,1
"86",149.065919,-35.268751,1
"87",144.267053,-37.389,1
"88",144.267053,-37.389,1
"89",144.267053,-37.389,1
"90",153.190244,-30.176892,1
"91",149.723358,-33.407922,1
"92",144.267752,-37.388819,1
"93",149.166545,-35.16383,1
"94",144.165786,-37.866403,1
"95",144.267053,-37.389,1
"96",144.267053,-37.389,1
"97",148.186628,-40.843581,1
"98",149.968202,-32.855283,1
"99",150.22968,-34.991829,1
"100",148.489598,-36.106985,1
"101",148.206755,-35.715453,1
"102",148.06919,-42.581044,1
"103",150.740731,-34.01841,1
"104",145.255065,-37.950764,1
"105",145.348067,-16.783911,1
"106",149.378319,-36.173505,1
"107",153.021546,-27.303149,1
"108",153.021695,-27.30301,1
"109",143.729963,-38.624486,1
"110",149.046539,-33.350862,1
"111",147.182612,-34.804684,1
"112",150.770033,-34.720073,1
"113",149.045136,-33.35057,1
"114",149.045836,-33.350717,1
"115",150.698811,-34.749041,1
"116",140.625453,-34.29194,1
"117",140.800465,-34.063649,1
"118",144.963937,-37.618752,1
"119",151.70758,-30.613388,1
"120",152.856985,-26.377042,1
"121",144.884878,-37.568427,1
"122",152.989578,-26.407562,1
"123",145.680222,-28.069564,1
"124",150.764832,-34.700927,1
"125",150.697424,-34.749332,1
"126",145.065204,-37.709576,1
"127",143.694307,-36.599846,1
"128",145.289726,-37.717159,1
"129",152.975128,-26.801669,1
"130",145.289858,-37.713533,1
"131",145.249782,-38.139222,1
"132",145.287362,-37.716899,1
"133",145.290843,-37.71638,1
"134",148.985004,-31.277558,1
"135",152.877126,-25.605446,1
"136",148.997812,-31.277089,1
"137",145.29113,-37.716416,1
"138",145.267853,-38.138801,1
"139",145.255539,-38.130897,1
"140",153.0047,-27.817525,1
"141",145.277408,-37.473777,1
"142",143.636193,-36.410145,1
"143",148.997812,-31.277089,1
"144",145.276866,-37.473505,1
"145",149.728701,-34.755351,1
"146",149.160376,-35.16564,1
"147",149.00605,-31.277417,1
"148",148.99735,-31.2864,1
"149",150.598248,-35.171001,1
"150",145.256513,-38.124923,1
"151",148.920426,-35.458881,1
"152",143.628095,-36.39505,1
"153",153.177114,-29.418899,1
"154",142.523963,-37.127335,1
"155",148.494887,-35.726776,1
"156",145.5,-37.6,1
"157",150.145385,-33.478687,1
"158",152.399511,-24.769072,1
"159",145.5,-37.6,1
"160",145.635431,-37.570371,1
"161",145.5,-37.6,1
"162",150.324649,-35.62779,1
"163",149.021782,-35.322355,1
"164",144.266957,-37.388972,1
"165",144.266957,-37.388972,1
"166",144.266957,-37.388972,1
"167",145.658233,-38.13375,1
"168",144.267592,-37.388894,1
"169",144.267592,-37.388894,1
"170",144.267592,-37.388894,1
"171",144.259917,-37.397055,1
"172",144.267592,-37.388894,1
"173",144.266957,-37.388972,1
"174",144.266957,-37.388972,1
"175",147.575278,-38.051389,1
"176",144.267592,-37.388894,1
"177",144.257754,-37.393371,1
"178",145.412278,-17.449544,1
"179",151.421187,-33.221426,1
"180",144.266957,-37.388972,1
"181",146.5629,-36.328329,1
"182",151.427829,-33.196303,1
"183",145.071596,-36.772862,1
"184",151.420543,-33.221964,1
"185",145.262138,-38.136144,1
"186",150.749157,-34.93221,1
"187",147.487649,-36.974309,1
"188",150.668452,-35.161536,1
"189",151.052816,-34.050396,1
"190",148.921705,-35.459019,1
"191",149.988611,-36.728002,1
"192",149.107924,-35.297686,1
"193",146.567063,-34.75974,1
"194",149.92653,-36.795618,1
"195",150.014386,-36.643693,1
"196",150.306646,-35.635313,1
"197",144.963058,-37.813628,1
"198",150.731068,-33.900822,1
"199",150.780718,-33.836221,1
"200",148.499803,-36.10849,1
"201",150.150617,-30.594867,1
"202",150.014087,-36.643699,1
"203",145.329047,-37.924604,1
"204",149.453942,-34.051933,1
"205",152.831277,-31.63628,1
"206",149.452223,-34.06009,1
"207",145.198986,-37.733115,1
"208",145.333927,-37.925012,1
"209",149.116925,-35.339406,1
"210",151.756945,-24.288587,1
"211",149.156205,-35.148705,1
"212",149.161334,-35.317016,1
"213",149.15699,-35.147718,1
"214",153.207139,-30.109162,1
"215",149.157805,-35.146818,1
"216",149.157477,-35.146738,1
"217",149.181452,-33.4834,1
"218",149.162252,-35.314576,1
"219",145.982072,-37.089192,1
"220",144.948831,-38.407735,1
"221",152.938963,-27.576278,1
"222",144.948942,-38.407757,1
"223",146.570449,-34.759921,1
"224",145.290202,-37.960427,1
"225",149.044997,-33.35107,1
"226",146.273604,-38.948797,1
"227",148.920705,-35.459559,1
"228",144.265231,-37.395463,1
"229",151.427571,-33.196044,1
"230",144.267011,-37.389045,1
"231",144.268317,-37.389247,1
"232",144.267011,-37.389045,1
"233",149.141206,-35.356327,1
"234",139.872325,-37.056198,1
"235",149.137515,-35.357032,1
"236",144.267688,-37.388898,1
"237",144.267011,-37.389045,1
"238",144.413837,-38.006465,1
"239",144.267011,-37.389045,1
"240",144.266201,-37.394338,1
"241",144.267011,-37.389045,1
"242",144.267688,-37.388898,1
"243",144.267011,-37.389045,1
"244",152.635952,-31.830545,1
"245",144.267011,-37.389045,1
"246",144.274481,-37.392845,1
"247",145.17491,-37.048367,1
"248",151.427582,-33.196061,1
"249",152.558831,-25.292205,1
"250",145.5,-37.7,1
"251",145.5,-37.7,1
"252",150.090898,-34.720328,1
"253",150.886714,-27.723097,1
"254",152.480062,-24.850567,1
"255",150.090882,-34.72029,1
"256",150.090898,-34.72031,1
"257",144.265631,-37.396388,1
"258",153.37262,-29.366072,1
"259",144.267696,-37.388879,1
"260",150.090879,-34.72032,1
"261",151.427883,-33.196555,1
"262",152.794078,-31.71859,1
"263",153.200578,-30.083264,1
"264",149.071468,-35.330355,1
"265",150.550583,-35.206538,1
"266",149.487845,-36.111931,1
"267",149.161421,-35.317521,1
"268",149.155183,-35.168097,1
"269",144.266952,-37.388966,1
"270",150.99312,-32.3514,1
"271",144.266952,-37.388966,1
"272",143.613104,-36.415816,1
"273",149.156612,-35.172425,1
"274",144.165875,-37.866637,1
"275",146.617899,-41.148181,1
"276",140.771493,-34.112568,1
"277",153.037728,-27.64069,1
"278",152.978428,-26.804341,1
"279",141.704825,-31.087209,1
"280",144.344943,-19.266584,1
"281",151.962833,-28.848283,1
"282",145.5,-37.6,1
"283",150.753969,-35.125288,1
"284",149.548543,-33.431475,1
"285",144.220231,-36.81861,1
"286",151.323394,-30.619178,1
"287",153.108982,-27.048277,1
"288",145.5,-37.7,1
"289",151.326241,-32.738736,1
"290",145.120911,-38.329353,1
"291",145.200119,-37.735987,1
"292",150.327178,-33.607028,1
"293",145.249587,-38.139688,1
"294",150.138686,-33.434283,1
"295",144.265548,-37.395913,1
"296",145.302837,-37.964431,1
"297",151.145592,-29.785318,1
"298",145.320692,-37.928333,1
"299",150.091586,-31.76368,1
"300",149.159547,-35.165223,1
"301",149.15889,-35.315457,1
"302",149.206349,-36.876553,1
"303",144.267192,-37.393242,1
"304",149.109807,-35.992561,1
"305",145.320573,-37.928103,1
"306",144.266376,-37.389245,1
"307",144.280518,-37.395842,1
"308",152.680842,-28.004762,1
"309",151.880328,-24.206257,1
"310",144.268044,-37.390224,1
"311",144.26565,-37.396405,1
"312",152.733272,-27.631649,1
"313",148.81433,-20.254287,1
"314",149.880552,-36.942464,1
"315",149.065317,-35.424924,1
"316",149.480764,-36.11363,1
"317",148.93837,-35.440553,1
"318",144.950299,-38.406193,1
"319",152.874991,-25.611143,1
"320",144.135131,-35.647008,1
"321",142.326095,-37.610009,1
"322",149.933545,-36.900588,1
"323",150.655749,-33.808792,1
"324",153.017075,-27.81753,1
"325",145.261845,-38.135602,1
"326",144.13163,-38.064006,1
"327",151.429309,-33.195218,1
"328",141.834722,-36.752185,1
"329",147.873721,-25.094763,1
"330",149.879217,-36.938051,1
"331",148.919569,-35.459284,1
"332",148.976781,-31.279912,1
"333",149.902007,-36.883576,1
"334",144.839197,-40.444119,1
"335",148.920468,-35.459112,1
"336",148.271014,-25.070955,1
"337",149.48733,-36.109678,1
"338",144.023225,-38.398975,1
"339",147.823479,-43.059622,1
"340",148.925988,-35.455787,1
"341",145.119304,-37.664762,1
"342",144.023086,-38.399013,1
"343",151.369126,-23.828951,1
"344",133.775136,-25.274398,1
"345",145.135317,-37.569209,1
"346",151.428537,-33.196932,1
"347",151.428644,-33.196797,1
"348",145.113633,-37.678505,1
"349",153.083827,-26.549676,1
"350",149.907962,-36.94148,1
"351",149.490965,-36.112468,1
"352",149.15528,-35.401314,1
"353",153.083702,-26.549688,1
"354",153.335375,-29.568064,1
"355",144.946303,-38.351405,1
"356",153.083769,-26.549668,1
"357",151.429717,-33.195505,1
"358",144.948854,-38.406194,1
"359",144.943507,-38.427868,1
"360",149.874448,-36.935535,1
"361",144.945229,-38.418235,1
"362",153.083785,-26.549667,1
"363",144.569946,-37.524494,1
"364",152.828376,-31.637955,1
"365",145.295001,-37.970403,1
"366",148.991011,-35.746209,1
"367",148.981609,-35.751263,1
"368",144.949061,-38.406684,1
"369",148.973239,-35.755849,1
"370",144.959079,-38.370292,1
"371",149.137231,-35.355461,1
"372",151.938478,-28.835925,1
"373",149.747609,-35.950001,1
"374",145.262102,-38.138883,1
"375",145.310736,-37.931371,1
"376",145.201646,-37.896346,1
"377",149.135461,-35.357692,1
"378",145.316017,-37.670251,1
"379",143.904598,-37.875626,1
"380",144.26693,-37.388977,1
"381",144.26693,-37.388977,1
"382",144.26693,-37.388977,1
"383",144.267637,-37.388907,1
"384",144.26693,-37.388977,1
"385",144.26693,-37.388977,1
"386",144.26693,-37.388977,1
"387",144.267637,-37.388907,1
"388",144.26693,-37.388977,1
"389",153.546081,-27.434505,1
"390",153.111314,-30.299629,1
"391",151.326241,-32.738736,1
"392",153,-26.4,1
"393",145.5,-37.7,1
"394",152.198432,-27.259681,1
"395",148.3,-25.1,1
"396",152.842244,-31.544021,1
"397",152.606325,-27.334703,1
"398",145.5,-37.6,1
"399",138.239762,-35.607918,1
"400",153.188387,-30.129785,1
"401",148.272793,-25.072449,1
"402",145.296548,-34.678277,1
"403",151.324179,-23.834809,1
"404",145.302283,-37.964597,1
"405",145.304992,-37.95949,1
"406",145.259369,-38.134418,1
"407",149.140192,-35.353456,1
"408",145.302227,-37.959288,1
"409",144.039069,-38.297919,1
"410",144.949353,-38.406078,1
"411",144.042611,-38.077768,1
"412",153.276992,-28.041797,1
"413",149.064841,-35.426514,1
"414",145.259648,-38.135115,1
"415",145.295614,-37.958557,1
"416",145.300871,-37.968218,1
"417",145.272023,-37.984567,1
"418",144.964727,-38.368402,1
"419",144.533849,-38.240161,1
"420",144.199,-38.407,1
"421",145.283251,-37.765667,1
"422",142.535563,-37.05976,1
"423",149.186024,-33.481882,1
"424",145.184478,-37.76146,1
"425",145.184478,-37.76146,1
"426",145.184478,-37.76146,1
"427",144.948944,-38.407151,1
"428",145.25948,-38.135414,1
"429",144.927339,-38.474547,1
"430",145.276091,-38.144788,1
"431",144.929336,-38.469764,1
"432",145.255278,-37.773,1
"433",149.16113,-35.313096,1
"434",149.37509,-36.741357,1
"435",144.26693,-37.388977,1
"436",144.94493,-38.357147,1
"437",144.950028,-38.365428,1
"438",145.189103,-37.736195,1
"439",144.946071,-38.361051,1
"440",144.949128,-38.407234,1
"441",145.115049,-38.257769,1
"442",145.254744,-38.137811,1
"443",144.942842,-38.364228,1
"444",144.962793,-38.375559,1
"445",144.94372,-38.427192,1
"446",148.919965,-35.458822,1
"447",148.94256,-35.441251,1
"448",144.948986,-38.407286,1
"449",145.155581,-37.739359,1
"450",144.944533,-38.35863,1
"451",144.925892,-38.465403,1
"452",153.188914,-30.177559,1
"453",149.156638,-35.312812,1
"454",153.189085,-30.177373,1
"455",149.970569,-34.304945,1
"456",144.945555,-38.3563,1
"457",144.94284,-38.428724,1
"458",153.041332,-27.299465,1
"459",144.95555,-38.36468,1
"460",144.946768,-38.409208,1
"461",145.783203,-36.796359,1
"462",150.205958,-35.783658,1
"463",144.49315,-37.67082,1
"464",144.937843,-38.463811,1
"465",144.942492,-38.441441,1
"466",145.778525,-36.79666,1
"467",144.954467,-38.387633,1
"468",149.15188,-35.313344,1
"469",144.95018,-38.365413,1
"470",144.945192,-38.357133,1
"471",144.939486,-38.469456,1
"472",150.973736,-24.807739,1
"473",144.933853,-38.4725,1
"474",144.944237,-38.444592,1
"475",144.934181,-38.475339,1
"476",145.134885,-37.746702,1
"477",144.949128,-38.357475,1
"478",145.779234,-36.795217,1
"479",144.936419,-38.461883,1
"480",144.934174,-38.467524,1
"481",144.948288,-38.364417,1
"482",145.491893,-37.740625,1
"483",144.935297,-38.447537,1
"484",153.545639,-27.436655,1
"485",144.933324,-38.473508,1
"486",144.943763,-38.443398,1
"487",144.948867,-38.4066,1
"488",152.194066,-27.262207,1
"489",152.80898,-25.249367,1
"490",144.948606,-38.411294,1
"491",145.778558,-36.796875,1
"492",145.263641,-38.136555,1
"493",144.945253,-38.368195,1
"494",144.936277,-38.476255,1
"495",144.949543,-38.406174,1
"496",145.11577,-38.257965,1
"497",144.950822,-38.36015,1
"498",144.949937,-38.365833,1
"499",144.948793,-38.406575,1
"500",144.949336,-38.407501,1
"501",144.957368,-38.409423,1
"502",144.948894,-38.407368,1
"503",144.920786,-38.402754,1
"504",149.066447,-35.429537,1
"505",144.960204,-38.392017,1
"506",138.658233,-34.554899,1
"507",145.284805,-38.136872,1
"508",145.283293,-37.767081,1
"509",144.941056,-38.471467,1
"510",146.293607,-38.930938,1
"511",150.748073,-34.010493,1
"512",144.949073,-38.406517,1
"513",145.301026,-37.969217,1
"514",149.156033,-35.167511,1
"515",144.95015,-38.365413,1
"516",152.699698,-25.32404,1
"517",144.948863,-38.40693,1
"518",148.814225,-34.278043,1
"519",149.136885,-35.300638,1
"520",151.119897,-32.619964,1
"521",144.227354,-37.062807,1
"522",151.317978,-32.721297,1
"523",144.948919,-38.406692,1
"524",145.556664,-37.684836,1
"525",148.740635,-37.801951,1
"526",149.584591,-32.665785,1
"527",144.949227,-38.40597,1
"528",149.065472,-35.531993,1
"529",145.185975,-38.13143,1
"530",151.119897,-32.619964,1
"531",144.938257,-38.368357,1
"532",145.253739,-38.138294,1
"533",146.886855,-36.066411,1
"534",144.94161,-38.408428,1
"535",148.999352,-31.280015,1
"536",144.943959,-38.425374,1
"537",152.413757,-24.761957,1
"538",151.096138,-27.359699,1
"539",152.886111,-27.225603,1
"540",148.997812,-31.277089,1
"541",144.937896,-38.474079,1
"542",148.997812,-31.277089,1
"543",141.412059,-38.389105,1
"544",144.938996,-38.476449,1
"545",145.489747,-38.559403,1
"546",144.941278,-38.408344,1
"547",145.117479,-37.633539,1
"548",151.494452,-30.494163,1
"549",144.947938,-38.362793,1
"550",149.8312,-29.4531,1
"551",143.997739,-37.685323,1
"552",148.568531,-32.249084,1
"553",149.151354,-35.390025,1
"554",144.939355,-38.476692,1
"555",144.938583,-38.474935,1
"556",145.042954,-38.264009,1
"557",149.159206,-35.174137,1
"558",144.943267,-38.364258,1
"559",148.579756,-32.244052,1
"560",149.14657,-35.400938,1
"561",144.9391,-38.475395,1
"562",151.727664,-30.674437,1
"563",145.102112,-37.652065,1
"564",144.953637,-38.387177,1
"565",148.997812,-31.277089,1
"566",145.023323,-38.340913,1
"567",144.93853,-38.474705,1
"568",148.850839,-25.475215,1
"569",144.954405,-38.387703,1
"570",145.254181,-38.129306,1
"571",145.256819,-38.132044,1
"572",144.943787,-38.433903,1
"573",144.93717,-38.473809,1
"574",144.953999,-38.387137,1
"575",149.153388,-35.266128,1
"576",145.041261,-38.336149,1
"577",144.955383,-38.38763,1
"578",153.071985,-26.716011,1
"579",144.933124,-38.442968,1
"580",144.934059,-38.44671,1
"581",144.955353,-38.387597,1
"582",144.93471,-38.448776,1
"583",145.027821,-38.211141,1
"584",144.937822,-38.473498,1
"585",150.28035,-35.702667,1
"586",144.949168,-38.406035,1
"587",144.94875,-38.406439,1
"588",144.910026,-38.413488,1
"589",144.987904,-38.346745,1
"590",144.950133,-38.406075,1
"591",144.954588,-38.387588,1
"592",144.936397,-38.457941,1
"593",144.003222,-37.682632,1
"594",144.949144,-38.405982,1
"595",144.955292,-38.387653,1
"596",144.950103,-38.365392,1
"597",144.956695,-38.386975,1
"598",144.973073,-37.158755,1
"599",145.292436,-37.963734,1
"600",144.944737,-38.426302,1
"601",144.929053,-38.472685,1
"602",144.939184,-38.475627,1
"603",149.730737,-34.754122,1
"604",144.929654,-38.468788,1
"605",144.954895,-38.38765,1
"606",145.074936,-37.710209,1
"607",144.95468,-38.387612,1
"608",144.955917,-38.387663,1
"609",144.947938,-38.362793,1
"610",145.494916,-38.562074,1
"611",144.958945,-38.408775,1
"612",149.730737,-34.754122,1
"613",149.155156,-35.263537,1
"614",144.957507,-38.409598,1
"615",149.161539,-35.318321,1
"616",144.936315,-38.471395,1
"617",144.931845,-38.443029,1
"618",144.955763,-38.387645,1
"619",144.942428,-38.367283,1
"620",144.923648,-38.468287,1
"621",149.730737,-34.754122,1
"622",149.730737,-34.754122,1
"623",153.10322,-27.983707,1
"624",153.209456,-30.112159,1
"625",149.730737,-34.754122,1
"626",144.950068,-38.365263,1
"627",145.336058,-37.925542,1
"628",144.955142,-38.386127,1
"629",144.937725,-38.474919,1
"630",149.155087,-35.263101,1
"631",144.961105,-38.370225,1
"632",144.957087,-38.408031,1
"633",144.954526,-38.387583,1
"634",146.601392,-41.149842,1
"635",144.939656,-38.472351,1
"636",145.263047,-38.125903,1
"637",144.955413,-38.387663,1
"638",151.432292,-33.197057,1
"639",145.226975,-37.775423,1
"640",144.94365,-38.427917,1
"641",144.934372,-38.459503,1
"642",144.95482,-38.386097,1
"643",144.937767,-38.474818,1
"644",138.692383,-35.072992,1
"645",144.983524,-38.347964,1
"646",151.900196,-24.217392,1
"647",151.431906,-33.197147,1
"648",149.15494,-35.264078,1
"649",149.15487,-35.262721,1
"650",144.955475,-38.38763,1
"651",144.944183,-38.424645,1
"652",150.772228,-33.780938,1
"653",151.432507,-33.197291,1
"654",152.248886,-27.524828,1
"655",146.846428,-36.068497,1
"656",145.236522,-37.641833,1
"657",149.131059,-35.408237,1
"658",145.509825,-37.860706,1
"659",148.06497,-42.645146,1
"660",146.618272,-41.143444,1
"661",145.394655,-37.96974,1
"662",149.081986,-35.422343,1
"663",150.732259,-34.017094,1
"664",150.749695,-34.024259,1
"665",145.199347,-37.736645,1
"666",150.681602,-33.801565,1
"667",145.261679,-38.13677,1
"668",144.959438,-35.95349,1
"669",145.26466,-38.139579,1
"670",144.959006,-35.954188,1
"671",152.15684,-32.652278,1
"672",145.904348,-35.955018,1
"673",151.6,-30.5,1
"674",142.5,-37.2,1
"675",145.4,-38,1
"676",151.6,-30.5,1
"677",151.6,-30.5,1
"678",151.6,-30.4,1
"679",143.5,-38.8,1
"680",151.6,-30.4,1
"681",144.391615,-36.784782,1
"682",144.108045,-37.594667,1
"683",147.068942,-41.458115,1
"684",153.371194,-29.396191,1
"685",153.374849,-27.91683,1
"686",143.986445,-38.519938,1
"687",153.361419,-27.851325,1
"688",143.154898,-37.615757,1
"689",143.357273,-37.536075,1
"690",149.164709,-35.234797,1
"691",149.16236,-35.315141,1
"692",153.373449,-27.917349,1
"693",150.741416,-34.018911,1
"694",145.263733,-38.13843,1
"695",150.828761,-35.010807,1
"696",146.607098,-41.148576,1
"697",149.143123,-35.269253,1
"698",149.172594,-35.167362,1
"699",149.162657,-35.314084,1
"700",149.157682,-35.315718,1
"701",149.164946,-35.23545,1
"702",145.481125,-38.056302,1
"703",144.26715,-37.389062,1
"704",144.26715,-37.389062,1
"705",144.267342,-37.388877,1
"706",144.26715,-37.389062,1
"707",144.26762,-37.389077,1
"708",144.26762,-37.389077,1
"709",150.828761,-35.010807,1
"710",146.284019,-38.950161,1
"711",150.205485,-35.783859,1
"712",141.847105,-37.675296,1
"713",151.877799,-32.802867,1
"714",151.95505,-32.741422,1
"715",142.516765,-37.139033,1
"716",145.68155,-38.050367,1
"717",151.4925,-32.946995,1
"718",151.93137,-32.778177,1
"719",151.93137,-32.778177,1
"720",150.816452,-35.017194,1
"721",150.550322,-35.202983,1
"722",151.93137,-32.778177,1
"723",151.93137,-32.778177,1
"724",153.174235,-29.136705,1
"725",149.490026,-36.112017,1
"726",151.877799,-32.802867,1
"727",138.7,-34.9,1
"728",152.921866,-27.698909,1
"729",145.183548,-37.760605,1
"730",148.676389,-36.362222,1
"731",149.131049,-35.40821,1
"732",149.082198,-35.422312,1
"733",149.097548,-35.451472,1
"734",149.162329,-35.315119,1
"735",149.17451,-35.279288,1
"736",149.064429,-35.424635,1
"737",149.150833,-35.166667,1
"738",149.043305,-35.319654,1
"739",149.107602,-35.338306,1
"740",149.113611,-35.16,1
"741",149.579593,-36.635484,1
"742",149.070408,-35.334555,1
"743",149.070563,-35.337875,1
"744",149.070254,-35.334655,1
"745",149.071075,-35.337755,1
"746",149.053197,-35.415253,1
"747",146.992486,-36.023905,1
"748",151.170325,-32.622762,1
"749",152.8652,-31.4646,1
"750",151.1192,-33.9149,1
"751",152.620556,-27.676944,1
"752",149.6351,-33.4326,1
"753",152.819461,-31.411356,1
"754",152.823412,-31.190078,1
"755",152.81341,-31.33605,1
"756",152.817666,-31.325548,1
"757",153.247347,-28.331337,1
"758",153.2,-30.2,1
"759",149.49602,-33.76102,1
"760",151.686729,-30.528485,1
"761",150.447101,-34.482231,1
"762",153.033561,-27.299944,1
"763",153.058839,-27.244469,1
"764",150.509909,-35.26563,1
"765",149.208823,-30.60368,1
"766",149.214408,-30.638859,1
"767",149.136656,-30.621094,1
"768",149.154166,-30.664047,1
"769",149.19597,-30.593957,1
"770",149.124167,-30.5412,1
"771",149.148148,-30.556517,1
"772",149.214408,-30.638859,1
"773",149.204357,-30.577332,1
"774",149.155108,-30.600882,1
"775",149.154166,-30.664047,1
"776",149.206813,-30.657992,1
"777",149.183307,-30.569962,1
"778",149.214408,-30.638859,1
"779",149.214847,-30.575905,1
"780",149.101499,-30.597973,1
"781",149.206813,-30.657992,1
"782",149.232383,-30.618922,1
"783",149.154166,-30.664047,1
"784",149.183307,-30.569962,1
"785",149.154166,-30.664047,1
"786",149.144509,-30.602089,1
"787",149.165385,-30.59973,1
"788",149.206813,-30.657992,1
"789",149.101499,-30.597973,1
"790",149.214408,-30.638859,1
"791",149.101499,-30.597973,1
"792",149.156572,-30.609646,1
"793",149.214408,-30.638859,1
"794",149.214408,-30.638859,1
"795",149.101499,-30.597973,1
"796",149.214408,-30.638859,1
"797",149.184519,-30.65145,1
"798",149.206813,-30.657992,1
"799",149.154166,-30.664047,1
"800",149.183307,-30.569962,1
"801",149.144509,-30.602089,1
"802",149.156572,-30.609646,1
"803",149.183307,-30.569962,1
"804",149.207156,-30.595049,1
"805",149.147405,-30.619687,1
"806",149.141289,-30.647371,1
"807",149.188964,-30.597861,1
"808",149.214408,-30.638859,1
"809",149.204357,-30.577332,1
"810",149.214408,-30.638859,1
"811",149.206813,-30.657992,1
"812",149.214408,-30.638859,1
"813",149.214408,-30.638859,1
"814",149.101499,-30.597973,1
"815",149.206813,-30.657992,1
"816",149.164126,-30.590822,1
"817",149.206813,-30.657992,1
"818",149.208823,-30.60368,1
"819",149.184519,-30.65145,1
"820",149.156572,-30.609646,1
"821",149.214408,-30.638859,1
"822",149.187786,-30.606273,1
"823",149.204357,-30.577332,1
"824",149.214408,-30.638859,1
"825",149.101499,-30.597973,1
"826",149.214408,-30.638859,1
"827",149.184519,-30.65145,1
"828",149.217772,-30.593705,1
"829",149.214408,-30.638859,1
"830",149.210131,-30.6126,1
"831",149.214408,-30.638859,1
"832",149.210131,-30.6126,1
"833",149.156572,-30.609646,1
"834",149.208823,-30.60368,1
"835",149.217772,-30.593705,1
"836",149.247701,-30.581261,1
"837",149.185167,-30.588635,1
"838",149.206813,-30.657992,1
"839",151.586763,-32.83275,1
"840",149.206813,-30.657992,1
"841",149.206813,-30.657992,1
"842",149.138637,-30.629935,1
"843",149.101499,-30.597973,1
"844",149.206813,-30.657992,1
"845",149.101499,-30.597973,1
"846",149.206813,-30.657992,1
"847",149.188964,-30.597861,1
"848",149.154166,-30.664047,1
"849",149.214408,-30.638859,1
"850",149.155108,-30.600882,1
"851",149.101499,-30.597973,1
"852",149.210131,-30.6126,1
"853",149.205738,-30.585958,1
"854",149.101499,-30.597973,1
"855",149.163633,-30.653947,1
"856",149.184519,-30.65145,1
"857",149.214408,-30.638859,1
"858",149.156572,-30.609646,1
"859",149.165385,-30.59973,1
"860",149.206813,-30.657992,1
"861",149.205738,-30.585958,1
"862",149.101499,-30.597973,1
"863",149.136656,-30.621094,1
"864",149.183307,-30.569962,1
"865",149.206813,-30.657992,1
"866",149.101499,-30.597973,1
"867",149.101499,-30.597973,1
"868",149.184519,-30.65145,1
"869",149.101499,-30.597973,1
"870",149.214408,-30.638859,1
"871",149.217772,-30.593705,1
"872",149.214408,-30.638859,1
"873",149.247701,-30.581261,1
"874",149.136656,-30.621094,1
"875",149.214408,-30.638859,1
"876",149.101499,-30.597973,1
"877",149.214847,-30.575905,1
"878",149.214408,-30.638859,1
"879",149.155108,-30.600882,1
"880",149.184519,-30.65145,1
"881",149.101499,-30.597973,1
"882",149.206813,-30.657992,1
"883",149.206813,-30.657992,1
"884",149.154166,-30.664047,1
"885",149.214408,-30.638859,1
"886",149.206813,-30.657992,1
"887",149.167169,-30.608117,1
"888",149.192115,-30.632751,1
"889",149.206813,-30.657992,1
"890",149.214408,-30.638859,1
"891",149.184519,-30.65145,1
"892",149.101499,-30.597973,1
"893",149.214408,-30.638859,1
"894",149.19597,-30.593957,1
"895",149.214408,-30.638859,1
"896",149.206813,-30.657992,1
"897",149.214408,-30.638859,1
"898",149.101499,-30.597973,1
"899",149.204357,-30.577332,1
"900",149.19597,-30.593957,1
"901",149.177599,-30.607436,1
"902",149.206813,-30.657992,1
"903",149.158594,-30.555288,1
"904",149.214408,-30.638859,1
"905",149.217772,-30.593705,1
"906",149.155108,-30.600882,1
"907",149.183307,-30.569962,1
"908",149.122384,-30.596207,1
"909",149.101499,-30.597973,1
"910",149.101499,-30.597973,1
"911",149.210131,-30.6126,1
"912",149.101499,-30.597973,1
"913",149.138637,-30.629935,1
"914",149.208823,-30.60368,1
"915",149.217772,-30.593705,1
"916",149.206813,-30.657992,1
"917",149.138637,-30.629935,1
"918",149.111963,-30.596876,1
"919",149.101499,-30.597973,1
"920",149.156572,-30.609646,1
"921",149.1579,-30.6188,1
"922",149.205738,-30.585958,1
"923",149.206813,-30.657992,1
"924",149.208823,-30.60368,1
"925",149.158594,-30.555288,1
"926",149.184519,-30.65145,1
"927",149.154166,-30.664047,1
"928",149.101499,-30.597973,1
"929",149.214408,-30.638859,1
"930",149.134973,-30.539954,1
"931",149.187786,-30.606273,1
"932",149.163633,-30.653947,1
"933",149.250549,-30.598995,1
"934",149.208823,-30.60368,1
"935",149.101499,-30.597973,1
"936",149.214847,-30.575905,1
"937",149.204357,-30.577332,1
"938",149.101499,-30.597973,1
"939",149.250549,-30.598995,1
"940",149.141744,-30.566735,1
"941",149.101499,-30.597973,1
"942",149.156572,-30.609646,1
"943",149.101499,-30.597973,1
"944",149.229293,-30.601198,1
"945",149.206813,-30.657992,1
"946",149.206813,-30.657992,1
"947",149.214408,-30.638859,1
"948",149.155108,-30.600882,1
"949",149.206813,-30.657992,1
"950",149.183307,-30.569962,1
"951",149.214847,-30.575905,1
"952",149.19597,-30.593957,1
"953",149.148148,-30.556517,1
"954",149.187786,-30.606273,1
"955",149.232383,-30.618922,1
"956",149.101499,-30.597973,1
"957",149.144509,-30.602089,1
"958",149.214408,-30.638859,1
"959",149.214408,-30.638859,1
"960",149.183307,-30.569962,1
"961",149.206813,-30.657992,1
"962",149.232383,-30.618922,1
"963",149.155108,-30.600882,1
"964",149.214408,-30.638859,1
"965",149.208823,-30.60368,1
"966",149.141744,-30.566735,1
"967",149.101499,-30.597973,1
"968",149.214408,-30.638859,1
"969",149.214408,-30.638859,1
"970",149.122384,-30.596207,1
"971",149.206813,-30.657992,1
"972",149.204357,-30.577332,1
"973",149.101499,-30.597973,1
"974",149.185167,-30.588635,1
"975",149.214408,-30.638859,1
"976",149.184519,-30.65145,1
"977",149.101499,-30.597973,1
"978",149.214847,-30.575905,1
"979",149.206813,-30.657992,1
"980",149.205738,-30.585958,1
"981",149.147405,-30.619687,1
"982",149.101499,-30.597973,1
"983",149.101499,-30.597973,1
"984",149.154166,-30.664047,1
"985",149.207156,-30.595049,1
"986",149.206813,-30.657992,1
"987",149.101499,-30.597973,1
"988",149.214408,-30.638859,1
"989",149.183581,-30.579563,1
"990",149.185167,-30.588635,1
"991",149.184519,-30.65145,1
"992",149.217772,-30.593705,1
"993",149.101499,-30.597973,1
"994",149.185167,-30.588635,1
"995",149.214408,-30.638859,1
"996",149.19597,-30.593957,1
"997",149.206813,-30.657992,1
"998",149.214408,-30.638859,1
"999",149.214408,-30.638859,1
"1000",149.184519,-30.65145,1
"1001",149.214408,-30.638859,1
"1002",149.208823,-30.60368,1
"1003",149.156572,-30.609646,1
"1004",149.214408,-30.638859,1
"1005",149.101499,-30.597973,1
"1006",149.217772,-30.593705,1
"1007",149.210131,-30.6126,1
"1008",149.210131,-30.6126,1
"1009",149.206813,-30.657992,1
"1010",149.101499,-30.597973,1
"1011",149.183307,-30.569962,1
"1012",149.154166,-30.664047,1
"1013",149.214408,-30.638859,1
"1014",149.205738,-30.585958,1
"1015",149.154166,-30.664047,1
"1016",149.101499,-30.597973,1
"1017",149.206813,-30.657992,1
"1018",149.138637,-30.629935,1
"1019",149.183307,-30.569962,1
"1020",149.156572,-30.609646,1
"1021",149.217772,-30.593705,1
"1022",149.217772,-30.593705,1
"1023",149.19597,-30.593957,1
"1024",149.207156,-30.595049,1
"1025",149.232383,-30.618922,1
"1026",149.122384,-30.596207,1
"1027",149.206813,-30.657992,1
"1028",149.206813,-30.657992,1
"1029",149.101499,-30.597973,1
"1030",149.214408,-30.638859,1
"1031",149.154166,-30.664047,1
"1032",149.214408,-30.638859,1
"1033",149.155108,-30.600882,1
"1034",149.214408,-30.638859,1
"1035",149.183581,-30.579563,1
"1036",149.204357,-30.577332,1
"1037",149.134973,-30.539954,1
"1038",149.101499,-30.597973,1
"1039",149.232383,-30.618922,1
"1040",149.101499,-30.597973,1
"1041",149.101499,-30.597973,1
"1042",149.155108,-30.600882,1
"1043",149.206813,-30.657992,1
"1044",149.19597,-30.593957,1
"1045",149.208823,-30.60368,1
"1046",149.206813,-30.657992,1
"1047",149.250549,-30.598995,1
"1048",149.214408,-30.638859,1
"1049",149.250549,-30.598995,1
"1050",149.156572,-30.609646,1
"1051",149.214408,-30.638859,1
"1052",149.206813,-30.657992,1
"1053",149.214408,-30.638859,1
"1054",149.145876,-30.611107,1
"1055",149.214408,-30.638859,1
"1056",149.206813,-30.657992,1
"1057",149.1579,-30.6188,1
"1058",149.183307,-30.569962,1
"1059",149.217772,-30.593705,1
"1060",149.184519,-30.65145,1
"1061",149.214408,-30.638859,1
"1062",149.156572,-30.609646,1
"1063",149.187786,-30.606273,1
"1064",149.206813,-30.657992,1
"1065",149.206813,-30.657992,1
"1066",149.144509,-30.602089,1
"1067",149.154166,-30.664047,1
"1068",149.101499,-30.597973,1
"1069",149.214408,-30.638859,1
"1070",149.101499,-30.597973,1
"1071",149.101499,-30.597973,1
"1072",149.183307,-30.569962,1
"1073",149.183307,-30.569962,1
"1074",149.206813,-30.657992,1
"1075",149.101499,-30.597973,1
"1076",149.144509,-30.602089,1
"1077",149.1579,-30.6188,1
"1078",149.210131,-30.6126,1
"1079",149.214408,-30.638859,1
"1080",149.156572,-30.609646,1
"1081",149.154166,-30.664047,1
"1082",149.188964,-30.597861,1
"1083",149.183581,-30.579563,1
"1084",149.214408,-30.638859,1
"1085",149.206813,-30.657992,1
"1086",149.101499,-30.597973,1
"1087",149.185167,-30.588635,1
"1088",149.217772,-30.593705,1
"1089",149.185167,-30.588635,1
"1090",149.147405,-30.619687,1
"1091",149.148148,-30.556517,1
"1092",149.214408,-30.638859,1
"1093",149.206813,-30.657992,1
"1094",149.232383,-30.618922,1
"1095",149.101499,-30.597973,1
"1096",149.184519,-30.65145,1
"1097",149.154166,-30.664047,1
"1098",149.214408,-30.638859,1
"1099",149.214408,-30.638859,1
"1100",149.217772,-30.593705,1
"1101",149.155108,-30.600882,1
"1102",149.206813,-30.657992,1
"1103",149.214847,-30.575905,1
"1104",149.214847,-30.575905,1
"1105",149.208823,-30.60368,1
"1106",149.19597,-30.593957,1
"1107",149.184519,-30.65145,1
"1108",150.777454,-32.368619,1
"1109",150.755753,-32.377884,1
"1110",150.738617,-32.372154,1
"1111",150.755945,-32.374107,1
"1112",150.755478,-32.374146,1
"1113",150.764365,-32.364026,1
"1114",150.758881,-32.367622,1
"1115",150.47473,-35.30225,1
"1116",150.453061,-35.291092,1
"1117",150.145963,-33.121809,1
"1118",151.08955,-32.744348,1
"1119",149.236445,-30.557439,1
"1120",149.244019,-30.572046,1
"1121",149.236445,-30.557439,1
"1122",149.236445,-30.557439,1
"1123",149.236445,-30.557439,1
"1124",149.238633,-30.563027,1
"1125",149.238633,-30.563027,1
"1126",149.244019,-30.572046,1
"1127",149.244019,-30.572046,1
"1128",149.236445,-30.557439,1
"1129",149.236445,-30.557439,1
"1130",149.236445,-30.557439,1
"1131",149.238633,-30.563027,1
"1132",149.244019,-30.572046,1
"1133",149.236445,-30.557439,1
"1134",149.236445,-30.557439,1
"1135",149.238633,-30.563027,1
"1136",149.238633,-30.563027,1
"1137",149.244019,-30.572046,1
"1138",149.244019,-30.572046,1
"1139",149.236445,-30.557439,1
"1140",149.236445,-30.557439,1
"1141",149.244019,-30.572046,1
"1142",149.236445,-30.557439,1
"1143",149.238633,-30.563027,1
"1144",149.236445,-30.557439,1
"1145",149.244019,-30.572046,1
"1146",149.238633,-30.563027,1
"1147",149.238633,-30.563027,1
"1148",149.236445,-30.557439,1
"1149",149.236445,-30.557439,1
"1150",149.236445,-30.557439,1
"1151",149.236445,-30.557439,1
"1152",149.236445,-30.557439,1
"1153",149.236445,-30.557439,1
"1154",149.238633,-30.563027,1
"1155",149.236445,-30.557439,1
"1156",149.236445,-30.557439,1
"1157",149.236445,-30.557439,1
"1158",149.238633,-30.563027,1
"1159",149.238633,-30.563027,1
"1160",149.236445,-30.557439,1
"1161",149.244019,-30.572046,1
"1162",149.236445,-30.557439,1
"1163",149.238633,-30.563027,1
"1164",149.244019,-30.572046,1
"1165",149.238633,-30.563027,1
"1166",149.236445,-30.557439,1
"1167",149.238633,-30.563027,1
"1168",149.236445,-30.557439,1
"1169",149.236445,-30.557439,1
"1170",149.236445,-30.557439,1
"1171",149.236445,-30.557439,1
"1172",149.236445,-30.557439,1
"1173",149.238633,-30.563027,1
"1174",149.236445,-30.557439,1
"1175",149.238633,-30.563027,1
"1176",149.545774,-33.45207,1
"1177",149.238633,-30.563027,1
"1178",149.236445,-30.557439,1
"1179",149.236445,-30.557439,1
"1180",149.244019,-30.572046,1
"1181",149.238633,-30.563027,1
"1182",149.238633,-30.563027,1
"1183",149.236445,-30.557439,1
"1184",149.236445,-30.557439,1
"1185",149.236445,-30.557439,1
"1186",149.236445,-30.557439,1
"1187",149.236445,-30.557439,1
"1188",149.236445,-30.557439,1
"1189",149.236445,-30.557439,1
"1190",149.236445,-30.557439,1
"1191",149.238633,-30.563027,1
"1192",149.236445,-30.557439,1
"1193",149.236445,-30.557439,1
"1194",149.238633,-30.563027,1
"1195",149.244019,-30.572046,1
"1196",149.236445,-30.557439,1
"1197",149.236445,-30.557439,1
"1198",149.238633,-30.563027,1
"1199",149.236445,-30.557439,1
"1200",149.236445,-30.557439,1
"1201",149.244019,-30.572046,1
"1202",149.238633,-30.563027,1
"1203",149.238633,-30.563027,1
"1204",149.238633,-30.563027,1
"1205",149.244019,-30.572046,1
"1206",149.236445,-30.557439,1
"1207",149.244019,-30.572046,1
"1208",149.236445,-30.557439,1
"1209",149.238633,-30.563027,1
"1210",149.244019,-30.572046,1
"1211",149.238633,-30.563027,1
"1212",149.236445,-30.557439,1
"1213",149.236445,-30.557439,1
"1214",149.238633,-30.563027,1
"1215",149.238633,-30.563027,1
"1216",149.238633,-30.563027,1
"1217",149.238633,-30.563027,1
"1218",149.236445,-30.557439,1
"1219",149.238633,-30.563027,1
"1220",149.238633,-30.563027,1
"1221",149.238633,-30.563027,1
"1222",149.23555,-30.5572,1
"1223",149.236445,-30.557439,1
"1224",149.238633,-30.563027,1
"1225",149.236445,-30.557439,1
"1226",149.236445,-30.557439,1
"1227",149.236445,-30.557439,1
"1228",149.236445,-30.557439,1
"1229",149.238633,-30.563027,1
"1230",149.244019,-30.572046,1
"1231",149.238633,-30.563027,1
"1232",149.236445,-30.557439,1
"1233",149.238633,-30.563027,1
"1234",149.236445,-30.557439,1
"1235",149.238633,-30.563027,1
"1236",149.238633,-30.563027,1
"1237",149.236445,-30.557439,1
"1238",149.236445,-30.557439,1
"1239",149.244019,-30.572046,1
"1240",149.238633,-30.563027,1
"1241",149.236445,-30.557439,1
"1242",149.238633,-30.563027,1
"1243",149.238633,-30.563027,1
"1244",149.244019,-30.572046,1
"1245",149.236445,-30.557439,1
"1246",149.236445,-30.557439,1
"1247",149.238633,-30.563027,1
"1248",149.236445,-30.557439,1
"1249",149.236445,-30.557439,1
"1250",149.236445,-30.557439,1
"1251",149.236445,-30.557439,1
"1252",149.244019,-30.572046,1
"1253",149.238633,-30.563027,1
"1254",145.443889,-37.898611,1
"1255",149.579593,-36.635484,1
"1256",150.750037,-31.352193,1
"1257",146.51035,-38.60453,1
"1258",146.50995,-38.60378,1
"1259",144.309,-37.405,1
"1260",144.3199,-37.2929,1
"1261",144.31,-37.304,1
"1262",144.571342,-37.491554,1
"1263",153.374471,-27.913119,1
"1264",143.834104,-37.716853,1
"1265",144.267981,-37.390349,1
"1266",149.489254,-36.113889,1
"1267",144.275125,-37.383675,1
"1268",149.489125,-36.112676,1
"1269",153.360114,-29.489537,1
"1270",142.516622,-37.192509,1
"1271",153.028151,-30.52134,1
"1272",150.599373,-35.171031,1
"1273",149.157972,-35.315585,1
"1274",146.605359,-41.149869,1
"1275",149.149636,-35.166259,1
"1276",149.489254,-36.113889,1
"1277",150.735474,-34.016433,1
"1278",153.212053,-29.997195,1
"1279",143.5982,-37.505992,1
"1280",149.08197,-35.239747,1
"1281",150.736053,-34.020874,1
"1282",141.271169,-38.054529,1
"1283",149.490026,-36.111046,1
"1284",149.160022,-35.18037,1
"1285",149.487022,-36.113092,1
"1286",149.106964,-35.463708,1
"1287",148.936523,-35.324221,1
"1288",152.282984,-27.535249,1
"1289",149.139599,-35.389466,1
"1290",149.139668,-35.389596,1
"1291",153.003943,-27.026331,1
"1292",150.526,-35.233995,1
"1293",149.647622,-32.190495,1
"1294",153.372938,-27.914425,1
"1295",149.157403,-35.16845,1
"1296",151.643051,-30.487223,1
"1297",149.490026,-36.111046,1
"1298",148.7275,-36.361667,1
"1299",151.739831,-29.285305,1
"1300",149.155185,-35.313592,1
"1301",144.358384,-37.496507,1
"1302",151.6,-30.4,1
"1303",151.5,-30.5,1
"1304",152.6,-25.9,1
"1305",153.1,-26.9,1
"1306",149.48829,-36.108654,1
"1307",142.44046,-36.874538,1
"1308",149.097424,-36.116713,1
"1309",145.260454,-38.135678,1
"1310",146.615861,-41.14442,1
"1311",141.311388,-38.209202,1
"1312",149.730425,-34.75516,1
"1313",153.049934,-27.883616,1
"1314",146.606709,-41.147367,1
"1315",149.181917,-35.277319,1
"1316",144.26762,-37.389077,1
"1317",144.26762,-37.389077,1
"1318",144.26762,-37.389077,1
"1319",144.26715,-37.389062,1
"1320",144.26762,-37.389077,1
"1321",153.540265,-27.425416,1
"1322",144.26715,-37.389062,1
"1323",144.26715,-37.389062,1
"1324",153.099004,-26.784315,1
"1325",144.26715,-37.389062,1
"1326",144.26762,-37.389077,1
"1327",144.26715,-37.389062,1
"1328",144.26715,-37.389062,1
"1329",153.1,-27,1
"1330",149,-20.9,1
"1331",151.6,-30.5,1
"1332",148.7275,-36.361667,1
"1333",152.915698,-27.574867,1
"1334",149.104821,-35.273505,1
"1335",149.113529,-35.301709,1
"1336",149.063603,-35.342547,1
"1337",149.155207,-35.313506,1
"1338",149.890626,-37.184287,1
"1339",153.373008,-27.912351,1
"1340",150.830019,-33.891731,1
"1341",142.5,-37.1,1
"1342",150.2,-33.6,1
"1343",151.345,-29.198,1
"1344",150.569884,-34.887692,1
"1345",151.344453,-32.770168,1
"1346",151.342109,-32.769938,1
"1347",151.736633,-30.894333,1
"1348",152.857,-31.4665,1
"1349",151.50598,-32.78809,1
"1350",152.819731,-31.581631,1
"1351",152.441528,-24.796058,1
"1352",149.136656,-30.621094,1
"1353",149.136656,-30.621094,1
"1354",149.188964,-30.597861,1
"1355",149.238644,-30.59128,1
"1356",149.141289,-30.647371,1
"1357",149.148909,-30.628581,1
"1358",149.172029,-30.562557,1
"1359",149.185167,-30.588635,1
"1360",149.148909,-30.628581,1
"1361",149.136656,-30.621094,1
"1362",149.099869,-30.588862,1
"1363",149.134973,-30.539954,1
"1364",149.122384,-30.596207,1
"1365",149.185167,-30.588635,1
"1366",149.138637,-30.629935,1
"1367",149.134973,-30.539954,1
"1368",149.099869,-30.588862,1
"1369",149.122384,-30.596207,1
"1370",149.154285,-30.583483,1
"1371",149.122384,-30.596207,1
"1372",149.20342,-30.648872,1
"1373",149.099869,-30.588862,1
"1374",149.122384,-30.596207,1
"1375",149.136656,-30.621094,1
"1376",149.20342,-30.648872,1
"1377",149.122384,-30.596207,1
"1378",149.122384,-30.596207,1
"1379",149.261384,-30.589055,1
"1380",149.177599,-30.607436,1
"1381",149.148909,-30.628581,1
"1382",149.19597,-30.593957,1
"1383",149.20342,-30.648872,1
"1384",149.188964,-30.597861,1
"1385",149.238644,-30.59128,1
"1386",149.20342,-30.648872,1
"1387",149.122384,-30.596207,1
"1388",149.96025,-29.40842,1
"1389",149.237351,-30.582267,1
"1390",149.136656,-30.621094,1
"1391",149.132794,-30.594405,1
"1392",149.099869,-30.588862,1
"1393",149.122384,-30.596207,1
"1394",149.188964,-30.597861,1
"1395",149.122384,-30.596207,1
"1396",149.20342,-30.648872,1
"1397",149.126762,-30.559339,1
"1398",149.238644,-30.59128,1
"1399",149.122384,-30.596207,1
"1400",149.158594,-30.555288,1
"1401",149.177599,-30.607436,1
"1402",149.155108,-30.600882,1
"1403",149.232383,-30.618922,1
"1404",149.158594,-30.555288,1
"1405",149.136656,-30.621094,1
"1406",149.20342,-30.648872,1
"1407",149.20342,-30.648872,1
"1408",149.180284,-30.614883,1
"1409",149.238644,-30.59128,1
"1410",149.232383,-30.618922,1
"1411",149.124167,-30.5412,1
"1412",149.238644,-30.59128,1
"1413",149.122384,-30.596207,1
"1414",149.232383,-30.618922,1
"1415",149.19597,-30.593957,1
"1416",149.148909,-30.628581,1
"1417",149.20342,-30.648872,1
"1418",149.122384,-30.596207,1
"1419",149.099869,-30.588862,1
"1420",149.122384,-30.596207,1
"1421",149.183581,-30.579563,1
"1422",149.20342,-30.648872,1
"1423",149.149761,-30.565496,1
"1424",149.148909,-30.628581,1
"1425",149.19597,-30.593957,1
"1426",149.136656,-30.621094,1
"1427",149.136656,-30.621094,1
"1428",149.155108,-30.600882,1
"1429",149.134973,-30.539954,1
"1430",149.136656,-30.621094,1
"1431",149.20342,-30.648872,1
"1432",149.188964,-30.597861,1
"1433",149.173522,-30.582635,1
"1434",149.136656,-30.621094,1
"1435",149.20342,-30.648872,1
"1436",149.101499,-30.597973,1
"1437",149.132794,-30.594405,1
"1438",149.141289,-30.647371,1
"1439",149.232383,-30.618922,1
"1440",149.173522,-30.582635,1
"1441",149.158594,-30.555288,1
"1442",149.20342,-30.648872,1
"1443",149.241433,-30.607733,1
"1444",149.122384,-30.596207,1
"1445",149.19597,-30.593957,1
"1446",149.231263,-30.610225,1
"1447",149.124167,-30.5412,1
"1448",149.237351,-30.582267,1
"1449",149.237351,-30.582267,1
"1450",149.238644,-30.59128,1
"1451",149.183581,-30.579563,1
"1452",149.15938,-30.62753,1
"1453",149.136656,-30.621094,1
"1454",149.19597,-30.593957,1
"1455",149.232383,-30.618922,1
"1456",149.101499,-30.597973,1
"1457",149.134973,-30.539954,1
"1458",149.147405,-30.619687,1
"1459",149.147405,-30.619687,1
"1460",149.148909,-30.628581,1
"1461",149.148909,-30.628581,1
"1462",149.125952,-30.550075,1
"1463",149.099869,-30.588862,1
"1464",149.141289,-30.647371,1
"1465",149.110479,-30.587882,1
"1466",149.155108,-30.600882,1
"1467",149.161834,-30.645024,1
"1468",149.199776,-30.612668,1
"1469",149.185167,-30.588635,1
"1470",149.136656,-30.621094,1
"1471",149.145876,-30.611107,1
"1472",149.101499,-30.597973,1
"1473",149.099869,-30.588862,1
"1474",149.124167,-30.5412,1
"1475",149.17457,-30.589626,1
"1476",149.182945,-30.642613,1
"1477",149.148909,-30.628581,1
"1478",149.122384,-30.596207,1
"1479",149.124167,-30.5412,1
"1480",149.122384,-30.596207,1
"1481",149.17598,-30.59846,1
"1482",149.188964,-30.597861,1
"1483",149.122384,-30.596207,1
"1484",149.136656,-30.621094,1
"1485",149.099869,-30.588862,1
"1486",149.136656,-30.621094,1
"1487",149.238644,-30.59128,1
"1488",149.120854,-30.586689,1
"1489",149.19597,-30.593957,1
"1490",149.20342,-30.648872,1
"1491",149.238644,-30.59128,1
"1492",149.099869,-30.588862,1
"1493",149.237351,-30.582267,1
"1494",149.147405,-30.619687,1
"1495",149.110479,-30.587882,1
"1496",149.101499,-30.597973,1
"1497",149.122384,-30.596207,1
"1498",149.099869,-30.588862,1
"1499",149.136656,-30.621094,1
"1500",149.194067,-30.578633,1
"1501",149.237351,-30.582267,1
"1502",149.177599,-30.607436,1
"1503",149.122384,-30.596207,1
"1504",149.188964,-30.597861,1
"1505",149.188964,-30.597861,1
"1506",149.232383,-30.618922,1
"1507",149.136656,-30.621094,1
"1508",149.147405,-30.619687,1
"1509",149.19597,-30.593957,1
"1510",149.134973,-30.539954,1
"1511",149.180284,-30.614883,1
"1512",149.134973,-30.539954,1
"1513",149.150877,-30.573711,1
"1514",149.136656,-30.621094,1
"1515",149.141289,-30.647371,1
"1516",149.122384,-30.596207,1
"1517",149.099869,-30.588862,1
"1518",149.143406,-30.593129,1
"1519",149.19597,-30.593957,1
"1520",149.155108,-30.600882,1
"1521",149.111963,-30.596876,1
"1522",149.177599,-30.607436,1
"1523",149.099869,-30.588862,1
"1524",149.148909,-30.628581,1
"1525",149.124167,-30.5412,1
"1526",149.148909,-30.628581,1
"1527",149.19597,-30.593957,1
"1528",149.099869,-30.588862,1
"1529",149.099869,-30.588862,1
"1530",149.148909,-30.628581,1
"1531",149.124167,-30.5412,1
"1532",149.153683,-30.592017,1
"1533",149.145876,-30.611107,1
"1534",149.210131,-30.6126,1
"1535",149.238644,-30.59128,1
"1536",149.145876,-30.611107,1
"1537",150.652359,-33.776546,1
"1538",149.147405,-30.619687,1
"1539",149.194067,-30.578633,1
"1540",149.099869,-30.588862,1
"1541",149.240005,-30.599899,1
"1542",149.136656,-30.621094,1
"1543",149.145876,-30.611107,1
"1544",149.237351,-30.582267,1
"1545",149.134973,-30.539954,1
"1546",149.210131,-30.6126,1
"1547",149.20342,-30.648872,1
"1548",149.20342,-30.648872,1
"1549",149.232383,-30.618922,1
"1550",149.188964,-30.597861,1
"1551",149.138637,-30.629935,1
"1552",149.148909,-30.628581,1
"1553",149.237351,-30.582267,1
"1554",149.136656,-30.621094,1
"1555",149.238644,-30.59128,1
"1556",149.148909,-30.628581,1
"1557",149.20342,-30.648872,1
"1558",149.261384,-30.589055,1
"1559",149.136656,-30.621094,1
"1560",149.238644,-30.59128,1
"1561",149.124167,-30.5412,1
"1562",149.158594,-30.555288,1
"1563",149.148909,-30.628581,1
"1564",149.122384,-30.596207,1
"1565",149.122384,-30.596207,1
"1566",149.20342,-30.648872,1
"1567",149.238644,-30.59128,1
"1568",149.136656,-30.621094,1
"1569",149.20342,-30.648872,1
"1570",149.232383,-30.618922,1
"1571",149.134973,-30.539954,1
"1572",149.136656,-30.621094,1
"1573",149.136656,-30.621094,1
"1574",149.180284,-30.614883,1
"1575",149.185167,-30.588635,1
"1576",149.136656,-30.621094,1
"1577",149.122384,-30.596207,1
"1578",149.122384,-30.596207,1
"1579",149.134973,-30.539954,1
"1580",149.147405,-30.619687,1
"1581",149.136656,-30.621094,1
"1582",149.19597,-30.593957,1
"1583",149.122384,-30.596207,1
"1584",149.136656,-30.621094,1
"1585",149.136656,-30.621094,1
"1586",149.180284,-30.614883,1
"1587",149.238644,-30.59128,1
"1588",149.110479,-30.587882,1
"1589",149.210131,-30.6126,1
"1590",149.237351,-30.582267,1
"1591",149.126762,-30.559339,1
"1592",149.232383,-30.618922,1
"1593",149.154285,-30.583483,1
"1594",149.122384,-30.596207,1
"1595",149.122384,-30.596207,1
"1596",149.138637,-30.629935,1
"1597",149.20342,-30.648872,1
"1598",149.134973,-30.539954,1
"1599",149.098512,-30.580248,1
"1600",149.138637,-30.629935,1
"1601",149.124167,-30.5412,1
"1602",149.185167,-30.588635,1
"1603",149.188964,-30.597861,1
"1604",149.188964,-30.597861,1
"1605",149.138637,-30.629935,1
"1606",149.147405,-30.619687,1
"1607",149.145876,-30.611107,1
"1608",149.122384,-30.596207,1
"1609",149.20342,-30.648872,1
"1610",149.20342,-30.648872,1
"1611",149.19597,-30.593957,1
"1612",149.126762,-30.559339,1
"1613",149.19597,-30.593957,1
"1614",149.19597,-30.593957,1
"1615",149.161834,-30.645024,1
"1616",149.120854,-30.586689,1
"1617",149.099869,-30.588862,1
"1618",149.261384,-30.589055,1
"1619",149.136656,-30.621094,1
"1620",149.188964,-30.597861,1
"1621",149.20342,-30.648872,1
"1622",149.20342,-30.648872,1
"1623",149.19597,-30.593957,1
"1624",149.20342,-30.648872,1
"1625",149.136656,-30.621094,1
"1626",149.122384,-30.596207,1
"1627",149.122384,-30.596207,1
"1628",149.15938,-30.62753,1
"1629",149.099869,-30.588862,1
"1630",149.122384,-30.596207,1
"1631",151.057722,-32.633837,1
"1632",149.158594,-30.555288,1
"1633",149.101499,-30.597973,1
"1634",149.238644,-30.59128,1
"1635",149.120854,-30.586689,1
"1636",149.122384,-30.596207,1
"1637",149.111963,-30.596876,1
"1638",149.099869,-30.588862,1
"1639",149.148909,-30.628581,1
"1640",149.20342,-30.648872,1
"1641",149.180284,-30.614883,1
"1642",149.137489,-30.558027,1
"1643",149.180284,-30.614883,1
"1644",149.241433,-30.607733,1
"1645",149.147405,-30.619687,1
"1646",149.237351,-30.582267,1
"1647",149.136656,-30.621094,1
"1648",149.136656,-30.621094,1
"1649",149.171485,-30.571612,1
"1650",149.232383,-30.618922,1
"1651",149.136656,-30.621094,1
"1652",149.122384,-30.596207,1
"1653",149.238644,-30.59128,1
"1654",149.134973,-30.539954,1
"1655",149.199776,-30.612668,1
"1656",149.101499,-30.597973,1
"1657",149.136656,-30.621094,1
"1658",149.195369,-30.587051,1
"1659",149.136656,-30.621094,1
"1660",149.136656,-30.621094,1
"1661",149.099869,-30.588862,1
"1662",149.099869,-30.588862,1
"1663",149.171485,-30.571612,1
"1664",149.122384,-30.596207,1
"1665",149.122384,-30.596207,1
"1666",149.136656,-30.621094,1
"1667",149.187786,-30.606273,1
"1668",149.134973,-30.539954,1
"1669",149.232383,-30.618922,1
"1670",149.147405,-30.619687,1
"1671",149.147405,-30.619687,1
"1672",149.136656,-30.621094,1
"1673",149.136656,-30.621094,1
"1674",149.261384,-30.589055,1
"1675",149.238644,-30.59128,1
"1676",149.15938,-30.62753,1
"1677",149.136656,-30.621094,1
"1678",149.20342,-30.648872,1
"1679",149.141289,-30.647371,1
"1680",149.232383,-30.618922,1
"1681",149.185167,-30.588635,1
"1682",149.136656,-30.621094,1
"1683",149.199776,-30.612668,1
"1684",149.232383,-30.618922,1
"1685",149.134973,-30.539954,1
"1686",149.136656,-30.621094,1
"1687",149.148909,-30.628581,1
"1688",149.20342,-30.648872,1
"1689",149.122384,-30.596207,1
"1690",149.155108,-30.600882,1
"1691",149.20342,-30.648872,1
"1692",149.238644,-30.59128,1
"1693",149.195369,-30.587051,1
"1694",149.136656,-30.621094,1
"1695",149.132794,-30.594405,1
"1696",149.134973,-30.539954,1
"1697",149.122384,-30.596207,1
"1698",149.099869,-30.588862,1
"1699",149.188964,-30.597861,1
"1700",149.099869,-30.588862,1
"1701",149.099869,-30.588862,1
"1702",149.20342,-30.648872,1
"1703",149.206084,-30.641553,1
"1704",149.122384,-30.596207,1
"1705",149.147405,-30.619687,1
"1706",149.141289,-30.647371,1
"1707",149.136656,-30.621094,1
"1708",149.237351,-30.582267,1
"1709",149.136656,-30.621094,1
"1710",149.199776,-30.612668,1
"1711",149.238644,-30.59128,1
"1712",149.147405,-30.619687,1
"1713",149.206084,-30.641553,1
"1714",149.099869,-30.588862,1
"1715",149.154285,-30.583483,1
"1716",149.132794,-30.594405,1
"1717",149.158594,-30.555288,1
"1718",149.241433,-30.607733,1
"1719",149.136656,-30.621094,1
"1720",149.241433,-30.607733,1
"1721",149.206813,-30.657992,1
"1722",149.136656,-30.621094,1
"1723",149.134973,-30.539954,1
"1724",149.136192,-30.548992,1
"1725",149.20342,-30.648872,1
"1726",149.180284,-30.614883,1
"1727",149.122384,-30.596207,1
"1728",149.138637,-30.629935,1
"1729",149.241433,-30.607733,1
"1730",149.107726,-30.578734,1
"1731",149.145876,-30.611107,1
"1732",149.126762,-30.559339,1
"1733",149.171485,-30.571612,1
"1734",149.136656,-30.621094,1
"1735",149.237351,-30.582267,1
"1736",149.110479,-30.587882,1
"1737",149.101499,-30.597973,1
"1738",149.238644,-30.59128,1
"1739",149.237351,-30.582267,1
"1740",149.099869,-30.588862,1
"1741",149.136656,-30.621094,1
"1742",149.122384,-30.596207,1
"1743",149.148909,-30.628581,1
"1744",149.136656,-30.621094,1
"1745",149.238644,-30.59128,1
"1746",149.20342,-30.648872,1
"1747",149.147405,-30.619687,1
"1748",149.138637,-30.629935,1
"1749",149.20342,-30.648872,1
"1750",149.20342,-30.648872,1
"1751",149.148909,-30.628581,1
"1752",149.213117,-30.630227,1
"1753",149.238644,-30.59128,1
"1754",149.19597,-30.593957,1
"1755",149.137489,-30.558027,1
"1756",149.238644,-30.59128,1
"1757",149.183581,-30.579563,1
"1758",149.124167,-30.5412,1
"1759",149.185167,-30.588635,1
"1760",149.217772,-30.593705,1
"1761",149.099869,-30.588862,1
"1762",149.122384,-30.596207,1
"1763",149.148909,-30.628581,1
"1764",149.238644,-30.59128,1
"1765",149.213117,-30.630227,1
"1766",149.161834,-30.645024,1
"1767",149.238644,-30.59128,1
"1768",149.136656,-30.621094,1
"1769",149.20342,-30.648872,1
"1770",149.148909,-30.628581,1
"1771",149.147405,-30.619687,1
"1772",149.122384,-30.596207,1
"1773",149.238644,-30.59128,1
"1774",149.136656,-30.621094,1
"1775",149.147405,-30.619687,1
"1776",149.136656,-30.621094,1
"1777",149.122384,-30.596207,1
"1778",149.099869,-30.588862,1
"1779",149.122384,-30.596207,1
"1780",149.185167,-30.588635,1
"1781",149.188964,-30.597861,1
"1782",149.171485,-30.571612,1
"1783",149.122384,-30.596207,1
"1784",149.185167,-30.588635,1
"1785",149.136656,-30.621094,1
"1786",149.15938,-30.62753,1
"1787",149.238644,-30.59128,1
"1788",149.155108,-30.600882,1
"1789",149.180284,-30.614883,1
"1790",149.20342,-30.648872,1
"1791",149.185167,-30.588635,1
"1792",149.136656,-30.621094,1
"1793",149.237351,-30.582267,1
"1794",149.19597,-30.593957,1
"1795",149.136656,-30.621094,1
"1796",149.110479,-30.587882,1
"1797",149.154285,-30.583483,1
"1798",149.136656,-30.621094,1
"1799",149.199776,-30.612668,1
"1800",149.238644,-30.59128,1
"1801",149.154166,-30.664047,1
"1802",149.154166,-30.664047,1
"1803",149.231263,-30.610225,1
"1804",149.136656,-30.621094,1
"1805",149.238644,-30.59128,1
"1806",149.136656,-30.621094,1
"1807",149.194067,-30.578633,1
"1808",149.136656,-30.621094,1
"1809",149.099869,-30.588862,1
"1810",149.138637,-30.629935,1
"1811",149.136656,-30.621094,1
"1812",149.141289,-30.647371,1
"1813",149.122384,-30.596207,1
"1814",149.134973,-30.539954,1
"1815",149.147405,-30.619687,1
"1816",149.134973,-30.539954,1
"1817",149.155108,-30.600882,1
"1818",149.136656,-30.621094,1
"1819",149.136656,-30.621094,1
"1820",149.19597,-30.593957,1
"1821",149.134973,-30.539954,1
"1822",149.231263,-30.610225,1
"1823",149.232383,-30.618922,1
"1824",149.19597,-30.593957,1
"1825",149.148909,-30.628581,1
"1826",149.232383,-30.618922,1
"1827",149.20342,-30.648872,1
"1828",149.238644,-30.59128,1
"1829",149.194067,-30.578633,1
"1830",149.138637,-30.629935,1
"1831",149.20342,-30.648872,1
"1832",149.20342,-30.648872,1
"1833",149.125952,-30.550075,1
"1834",149.20342,-30.648872,1
"1835",149.141289,-30.647371,1
"1836",149.148909,-30.628581,1
"1837",149.232383,-30.618922,1
"1838",149.238644,-30.59128,1
"1839",149.126762,-30.559339,1
"1840",149.185167,-30.588635,1
"1841",149.238644,-30.59128,1
"1842",149.134973,-30.539954,1
"1843",149.238644,-30.59128,1
"1844",149.098512,-30.580248,1
"1845",149.136656,-30.621094,1
"1846",149.237351,-30.582267,1
"1847",149.238644,-30.59128,1
"1848",149.161834,-30.645024,1
"1849",149.15938,-30.62753,1
"1850",149.136656,-30.621094,1
"1851",149.19597,-30.593957,1
"1852",149.141289,-30.647371,1
"1853",149.238644,-30.59128,1
"1854",149.134973,-30.539954,1
"1855",149.161834,-30.645024,1
"1856",149.147405,-30.619687,1
"1857",149.141289,-30.647371,1
"1858",149.122384,-30.596207,1
"1859",149.122384,-30.596207,1
"1860",149.148909,-30.628581,1
"1861",149.187786,-30.606273,1
"1862",149.147405,-30.619687,1
"1863",149.20342,-30.648872,1
"1864",149.147405,-30.619687,1
"1865",149.173522,-30.582635,1
"1866",149.232383,-30.618922,1
"1867",149.143406,-30.593129,1
"1868",149.171485,-30.571612,1
"1869",149.122384,-30.596207,1
"1870",149.188964,-30.597861,1
"1871",149.122384,-30.596207,1
"1872",149.136656,-30.621094,1
"1873",149.122384,-30.596207,1
"1874",149.19597,-30.593957,1
"1875",149.138637,-30.629935,1
"1876",149.216039,-30.584906,1
"1877",149.238644,-30.59128,1
"1878",149.238644,-30.59128,1
"1879",149.136656,-30.621094,1
"1880",149.173522,-30.582635,1
"1881",149.138637,-30.629935,1
"1882",149.206813,-30.657992,1
"1883",149.19597,-30.593957,1
"1884",149.232383,-30.618922,1
"1885",149.148909,-30.628581,1
"1886",149.238644,-30.59128,1
"1887",149.185167,-30.588635,1
"1888",149.261384,-30.589055,1
"1889",149.136656,-30.621094,1
"1890",149.241433,-30.607733,1
"1891",149.199776,-30.612668,1
"1892",149.134973,-30.539954,1
"1893",149.138637,-30.629935,1
"1894",149.238644,-30.59128,1
"1895",149.134973,-30.539954,1
"1896",149.238644,-30.59128,1
"1897",149.19597,-30.593957,1
"1898",149.136656,-30.621094,1
"1899",149.238644,-30.59128,1
"1900",149.136656,-30.621094,1
"1901",149.185167,-30.588635,1
"1902",149.210131,-30.6126,1
"1903",149.238644,-30.59128,1
"1904",149.101499,-30.597973,1
"1905",149.143406,-30.593129,1
"1906",149.148909,-30.628581,1
"1907",149.126762,-30.559339,1
"1908",149.099869,-30.588862,1
"1909",149.238644,-30.59128,1
"1910",149.122384,-30.596207,1
"1911",149.238644,-30.59128,1
"1912",149.172029,-30.562557,1
"1913",149.122384,-30.596207,1
"1914",149.145876,-30.611107,1
"1915",149.148909,-30.628581,1
"1916",149.136656,-30.621094,1
"1917",149.149761,-30.565496,1
"1918",149.185167,-30.588635,1
"1919",149.207156,-30.595049,1
"1920",149.136656,-30.621094,1
"1921",149.20342,-30.648872,1
"1922",149.210131,-30.6126,1
"1923",149.141289,-30.647371,1
"1924",149.158594,-30.555288,1
"1925",149.238644,-30.59128,1
"1926",149.099869,-30.588862,1
"1927",149.148909,-30.628581,1
"1928",149.141289,-30.647371,1
"1929",149.136656,-30.621094,1
"1930",149.185167,-30.588635,1
"1931",149.210131,-30.6126,1
"1932",149.130248,-30.585608,1
"1933",149.122384,-30.596207,1
"1934",149.19597,-30.593957,1
"1935",149.125952,-30.550075,1
"1936",149.183581,-30.579563,1
"1937",149.141289,-30.647371,1
"1938",149.134973,-30.539954,1
"1939",149.141289,-30.647371,1
"1940",149.232383,-30.618922,1
"1941",149.120854,-30.586689,1
"1942",149.099869,-30.588862,1
"1943",149.136656,-30.621094,1
"1944",149.145876,-30.611107,1
"1945",149.136656,-30.621094,1
"1946",149.232383,-30.618922,1
"1947",149.136656,-30.621094,1
"1948",149.20342,-30.648872,1
"1949",149.155108,-30.600882,1
"1950",149.210131,-30.6126,1
"1951",149.122384,-30.596207,1
"1952",149.15938,-30.62753,1
"1953",149.173522,-30.582635,1
"1954",149.099869,-30.588862,1
"1955",149.122384,-30.596207,1
"1956",149.120854,-30.586689,1
"1957",149.232383,-30.618922,1
"1958",149.143406,-30.593129,1
"1959",149.238644,-30.59128,1
"1960",149.161834,-30.645024,1
"1961",149.136656,-30.621094,1
"1962",149.206813,-30.657992,1
"1963",149.122384,-30.596207,1
"1964",149.232383,-30.618922,1
"1965",149.134973,-30.539954,1
"1966",149.145876,-30.611107,1
"1967",149.136656,-30.621094,1
"1968",149.232383,-30.618922,1
"1969",149.101499,-30.597973,1
"1970",149.136656,-30.621094,1
"1971",149.19597,-30.593957,1
"1972",149.177599,-30.607436,1
"1973",149.20342,-30.648872,1
"1974",149.20342,-30.648872,1
"1975",149.241433,-30.607733,1
"1976",149.20342,-30.648872,1
"1977",149.141289,-30.647371,1
"1978",149.136656,-30.621094,1
"1979",149.19597,-30.593957,1
"1980",149.147405,-30.619687,1
"1981",149.147405,-30.619687,1
"1982",149.144509,-30.602089,1
"1983",149.136656,-30.621094,1
"1984",149.20342,-30.648872,1
"1985",149.173522,-30.582635,1
"1986",149.17598,-30.59846,1
"1987",149.134973,-30.539954,1
"1988",149.148909,-30.628581,1
"1989",149.122384,-30.596207,1
"1990",149.161834,-30.645024,1
"1991",149.143406,-30.593129,1
"1992",149.141289,-30.647371,1
"1993",149.238644,-30.59128,1
"1994",149.136656,-30.621094,1
"1995",149.173522,-30.582635,1
"1996",149.136656,-30.621094,1
"1997",149.122384,-30.596207,1
"1998",149.20342,-30.648872,1
"1999",149.206813,-30.657992,1
"2000",149.20342,-30.648872,1
"2001",149.173522,-30.582635,1
"2002",149.20342,-30.648872,1
"2003",149.122384,-30.596207,1
"2004",149.101499,-30.597973,1
"2005",149.232383,-30.618922,1
"2006",149.136656,-30.621094,1
"2007",149.232383,-30.618922,1
"2008",149.145876,-30.611107,1
"2009",149.15938,-30.62753,1
"2010",149.20342,-30.648872,1
"2011",149.20342,-30.648872,1
"2012",149.188964,-30.597861,1
"2013",149.122384,-30.596207,1
"2014",149.136656,-30.621094,1
"2015",149.122384,-30.596207,1
"2016",149.206813,-30.657992,1
"2017",149.099869,-30.588862,1
"2018",149.147405,-30.619687,1
"2019",149.122384,-30.596207,1
"2020",149.122384,-30.596207,1
"2021",149.183581,-30.579563,1
"2022",149.134973,-30.539954,1
"2023",149.20342,-30.648872,1
"2024",149.136656,-30.621094,1
"2025",149.136656,-30.621094,1
"2026",149.173522,-30.582635,1
"2027",149.20342,-30.648872,1
"2028",149.238644,-30.59128,1
"2029",149.147405,-30.619687,1
"2030",149.208823,-30.60368,1
"2031",149.241433,-30.607733,1
"2032",149.20342,-30.648872,1
"2033",149.173522,-30.582635,1
"2034",149.122384,-30.596207,1
"2035",149.136656,-30.621094,1
"2036",149.188964,-30.597861,1
"2037",149.20342,-30.648872,1
"2038",149.136656,-30.621094,1
"2039",149.148909,-30.628581,1
"2040",149.177599,-30.607436,1
"2041",149.161834,-30.645024,1
"2042",149.232383,-30.618922,1
"2043",149.136656,-30.621094,1
"2044",149.195369,-30.587051,1
"2045",149.134973,-30.539954,1
"2046",149.141289,-30.647371,1
"2047",149.20342,-30.648872,1
"2048",149.136656,-30.621094,1
"2049",149.138637,-30.629935,1
"2050",149.120854,-30.586689,1
"2051",149.136656,-30.621094,1
"2052",149.122384,-30.596207,1
"2053",149.158594,-30.555288,1
"2054",149.147405,-30.619687,1
"2055",149.101499,-30.597973,1
"2056",149.154285,-30.583483,1
"2057",149.130248,-30.585608,1
"2058",149.20342,-30.648872,1
"2059",149.136656,-30.621094,1
"2060",149.173522,-30.582635,1
"2061",149.132794,-30.594405,1
"2062",149.171485,-30.571612,1
"2063",149.136656,-30.621094,1
"2064",149.188964,-30.597861,1
"2065",149.173522,-30.582635,1
"2066",149.20342,-30.648872,1
"2067",149.20342,-30.648872,1
"2068",149.147405,-30.619687,1
"2069",149.136656,-30.621094,1
"2070",149.136656,-30.621094,1
"2071",149.154285,-30.583483,1
"2072",149.136656,-30.621094,1
"2073",149.238644,-30.59128,1
"2074",149.134973,-30.539954,1
"2075",149.122384,-30.596207,1
"2076",149.20342,-30.648872,1
"2077",149.107726,-30.578734,1
"2078",149.232383,-30.618922,1
"2079",149.153683,-30.592017,1
"2080",149.149123,-30.638329,1
"2081",149.122384,-30.596207,1
"2082",149.188964,-30.597861,1
"2083",149.154285,-30.583483,1
"2084",149.134973,-30.539954,1
"2085",149.161834,-30.645024,1
"2086",149.124167,-30.5412,1
"2087",149.261384,-30.589055,1
"2088",149.136656,-30.621094,1
"2089",149.232383,-30.618922,1
"2090",149.154166,-30.664047,1
"2091",149.20342,-30.648872,1
"2092",149.171485,-30.571612,1
"2093",149.136656,-30.621094,1
"2094",149.194067,-30.578633,1
"2095",149.195369,-30.587051,1
"2096",149.20342,-30.648872,1
"2097",149.19597,-30.593957,1
"2098",149.180284,-30.614883,1
"2099",149.20342,-30.648872,1
"2100",149.099869,-30.588862,1
"2101",149.122384,-30.596207,1
"2102",149.141289,-30.647371,1
"2103",149.188964,-30.597861,1
"2104",149.158594,-30.555288,1
"2105",149.148909,-30.628581,1
"2106",149.120854,-30.586689,1
"2107",149.099869,-30.588862,1
"2108",149.20342,-30.648872,1
"2109",149.232383,-30.618922,1
"2110",149.099869,-30.588862,1
"2111",149.232383,-30.618922,1
"2112",149.141289,-30.647371,1
"2113",149.161834,-30.645024,1
"2114",149.17457,-30.589626,1
"2115",149.20342,-30.648872,1
"2116",149.136656,-30.621094,1
"2117",149.20342,-30.648872,1
"2118",149.120854,-30.586689,1
"2119",149.20342,-30.648872,1
"2120",149.098512,-30.580248,1
"2121",149.188964,-30.597861,1
"2122",149.148909,-30.628581,1
"2123",149.126762,-30.559339,1
"2124",149.15938,-30.62753,1
"2125",149.122384,-30.596207,1
"2126",149.153683,-30.592017,1
"2127",149.136656,-30.621094,1
"2128",149.185167,-30.588635,1
"2129",149.20342,-30.648872,1
"2130",149.19597,-30.593957,1
"2131",149.122384,-30.596207,1
"2132",149.124167,-30.5412,1
"2133",149.134973,-30.539954,1
"2134",149.122384,-30.596207,1
"2135",149.19597,-30.593957,1
"2136",149.183581,-30.579563,1
"2137",149.122384,-30.596207,1
"2138",149.136656,-30.621094,1
"2139",149.237351,-30.582267,1
"2140",149.261384,-30.589055,1
"2141",149.188964,-30.597861,1
"2142",149.136656,-30.621094,1
"2143",149.185167,-30.588635,1
"2144",149.148909,-30.628581,1
"2145",149.20342,-30.648872,1
"2146",149.099869,-30.588862,1
"2147",149.134973,-30.539954,1
"2148",149.148909,-30.628581,1
"2149",149.177599,-30.607436,1
"2150",149.138637,-30.629935,1
"2151",149.136656,-30.621094,1
"2152",149.099869,-30.588862,1
"2153",149.136656,-30.621094,1
"2154",149.147405,-30.619687,1
"2155",149.20342,-30.648872,1
"2156",149.238644,-30.59128,1
"2157",149.136656,-30.621094,1
"2158",149.122384,-30.596207,1
"2159",149.188964,-30.597861,1
"2160",149.122384,-30.596207,1
"2161",149.134973,-30.539954,1
"2162",149.171485,-30.571612,1
"2163",149.122384,-30.596207,1
"2164",149.101499,-30.597973,1
"2165",149.20342,-30.648872,1
"2166",149.20342,-30.648872,1
"2167",149.125952,-30.550075,1
"2168",149.122384,-30.596207,1
"2169",149.101499,-30.597973,1
"2170",149.194067,-30.578633,1
"2171",149.099869,-30.588862,1
"2172",149.147405,-30.619687,1
"2173",149.134973,-30.539954,1
"2174",149.122384,-30.596207,1
"2175",149.148909,-30.628581,1
"2176",149.120854,-30.586689,1
"2177",149.145876,-30.611107,1
"2178",149.122384,-30.596207,1
"2179",149.228204,-30.592448,1
"2180",149.122384,-30.596207,1
"2181",149.098512,-30.580248,1
"2182",149.19597,-30.593957,1
"2183",149.107726,-30.578734,1
"2184",149.20342,-30.648872,1
"2185",149.099869,-30.588862,1
"2186",149.185167,-30.588635,1
"2187",149.19597,-30.593957,1
"2188",149.20342,-30.648872,1
"2189",149.122384,-30.596207,1
"2190",149.238644,-30.59128,1
"2191",149.158594,-30.555288,1
"2192",149.169848,-30.625886,1
"2193",149.136656,-30.621094,1
"2194",149.122384,-30.596207,1
"2195",149.134973,-30.539954,1
"2196",149.122384,-30.596207,1
"2197",149.187786,-30.606273,1
"2198",149.231263,-30.610225,1
"2199",149.19597,-30.593957,1
"2200",149.136656,-30.621094,1
"2201",149.20342,-30.648872,1
"2202",149.205738,-30.585958,1
"2203",149.134973,-30.539954,1
"2204",149.238644,-30.59128,1
"2205",149.15938,-30.62753,1
"2206",149.238644,-30.59128,1
"2207",149.107726,-30.578734,1
"2208",149.099869,-30.588862,1
"2209",149.20342,-30.648872,1
"2210",149.111963,-30.596876,1
"2211",149.120854,-30.586689,1
"2212",149.138637,-30.629935,1
"2213",149.136656,-30.621094,1
"2214",149.122384,-30.596207,1
"2215",149.141289,-30.647371,1
"2216",149.136656,-30.621094,1
"2217",149.134973,-30.539954,1
"2218",149.20342,-30.648872,1
"2219",149.110479,-30.587882,1
"2220",149.188964,-30.597861,1
"2221",149.232383,-30.618922,1
"2222",149.237351,-30.582267,1
"2223",149.099869,-30.588862,1
"2224",149.185167,-30.588635,1
"2225",149.241433,-30.607733,1
"2226",149.143406,-30.593129,1
"2227",149.141289,-30.647371,1
"2228",149.206813,-30.657992,1
"2229",149.19597,-30.593957,1
"2230",149.20342,-30.648872,1
"2231",149.154285,-30.583483,1
"2232",149.228204,-30.592448,1
"2233",149.128695,-30.576709,1
"2234",149.147405,-30.619687,1
"2235",149.122384,-30.596207,1
"2236",149.136656,-30.621094,1
"2237",149.19597,-30.593957,1
"2238",149.122384,-30.596207,1
"2239",149.147405,-30.619687,1
"2240",149.136656,-30.621094,1
"2241",149.180284,-30.614883,1
"2242",149.238644,-30.59128,1
"2243",149.136656,-30.621094,1
"2244",149.122384,-30.596207,1
"2245",149.238644,-30.59128,1
"2246",149.136656,-30.621094,1
"2247",149.110479,-30.587882,1
"2248",149.099869,-30.588862,1
"2249",149.19597,-30.593957,1
"2250",149.122384,-30.596207,1
"2251",149.173522,-30.582635,1
"2252",149.120854,-30.586689,1
"2253",149.148909,-30.628581,1
"2254",149.110479,-30.587882,1
"2255",149.122384,-30.596207,1
"2256",149.136656,-30.621094,1
"2257",149.124167,-30.5412,1
"2258",149.20342,-30.648872,1
"2259",149.171485,-30.571612,1
"2260",149.238644,-30.59128,1
"2261",149.138637,-30.629935,1
"2262",149.134973,-30.539954,1
"2263",149.126762,-30.559339,1
"2264",149.238644,-30.59128,1
"2265",149.177599,-30.607436,1
"2266",149.161379,-30.574149,1
"2267",149.237351,-30.582267,1
"2268",149.207156,-30.595049,1
"2269",149.210131,-30.6126,1
"2270",149.136656,-30.621094,1
"2271",149.148909,-30.628581,1
"2272",149.138637,-30.629935,1
"2273",149.120854,-30.586689,1
"2274",149.20342,-30.648872,1
"2275",149.223454,-30.629047,1
"2276",149.237351,-30.582267,1
"2277",149.122384,-30.596207,1
"2278",149.138637,-30.629935,1
"2279",149.136656,-30.621094,1
"2280",149.238644,-30.59128,1
"2281",149.136656,-30.621094,1
"2282",149.134973,-30.539954,1
"2283",149.238644,-30.59128,1
"2284",149.148909,-30.628581,1
"2285",149.099869,-30.588862,1
"2286",149.099869,-30.588862,1
"2287",149.238644,-30.59128,1
"2288",149.130248,-30.585608,1
"2289",149.148909,-30.628581,1
"2290",149.122384,-30.596207,1
"2291",149.238644,-30.59128,1
"2292",149.136656,-30.621094,1
"2293",149.136656,-30.621094,1
"2294",149.188964,-30.597861,1
"2295",149.177599,-30.607436,1
"2296",149.238644,-30.59128,1
"2297",149.237351,-30.582267,1
"2298",149.134973,-30.539954,1
"2299",149.232383,-30.618922,1
"2300",149.136656,-30.621094,1
"2301",149.19597,-30.593957,1
"2302",149.241433,-30.607733,1
"2303",149.238644,-30.59128,1
"2304",149.136656,-30.621094,1
"2305",149.20342,-30.648872,1
"2306",149.158594,-30.555288,1
"2307",149.134973,-30.539954,1
"2308",149.141289,-30.647371,1
"2309",149.099869,-30.588862,1
"2310",149.136656,-30.621094,1
"2311",149.177599,-30.607436,1
"2312",149.237351,-30.582267,1
"2313",149.136656,-30.621094,1
"2314",149.124167,-30.5412,1
"2315",149.232383,-30.618922,1
"2316",149.210131,-30.6126,1
"2317",149.194067,-30.578633,1
"2318",149.134973,-30.539954,1
"2319",149.122384,-30.596207,1
"2320",149.120854,-30.586689,1
"2321",149.171485,-30.571612,1
"2322",149.148909,-30.628581,1
"2323",149.173522,-30.582635,1
"2324",149.238644,-30.59128,1
"2325",149.148909,-30.628581,1
"2326",149.188964,-30.597861,1
"2327",149.136656,-30.621094,1
"2328",149.238644,-30.59128,1
"2329",149.136656,-30.621094,1
"2330",149.136656,-30.621094,1
"2331",149.111963,-30.596876,1
"2332",149.15938,-30.62753,1
"2333",149.232383,-30.618922,1
"2334",149.136656,-30.621094,1
"2335",149.195369,-30.587051,1
"2336",149.124167,-30.5412,1
"2337",149.148909,-30.628581,1
"2338",149.138637,-30.629935,1
"2339",149.199776,-30.612668,1
"2340",149.177599,-30.607436,1
"2341",149.136656,-30.621094,1
"2342",149.126762,-30.559339,1
"2343",149.20342,-30.648872,1
"2344",149.099869,-30.588862,1
"2345",149.099869,-30.588862,1
"2346",149.132794,-30.594405,1
"2347",149.122384,-30.596207,1
"2348",149.20342,-30.648872,1
"2349",149.238644,-30.59128,1
"2350",149.171485,-30.571612,1
"2351",149.238644,-30.59128,1
"2352",149.122384,-30.596207,1
"2353",149.148909,-30.628581,1
"2354",149.134973,-30.539954,1
"2355",149.120854,-30.586689,1
"2356",149.099869,-30.588862,1
"2357",149.238644,-30.59128,1
"2358",149.20342,-30.648872,1
"2359",149.122384,-30.596207,1
"2360",149.122384,-30.596207,1
"2361",149.20342,-30.648872,1
"2362",149.149761,-30.565496,1
"2363",149.173522,-30.582635,1
"2364",149.241433,-30.607733,1
"2365",149.141289,-30.647371,1
"2366",149.122384,-30.596207,1
"2367",149.134973,-30.539954,1
"2368",149.232383,-30.618922,1
"2369",149.210131,-30.6126,1
"2370",149.134973,-30.539954,1
"2371",149.185167,-30.588635,1
"2372",149.194067,-30.578633,1
"2373",149.185167,-30.588635,1
"2374",149.099869,-30.588862,1
"2375",149.134973,-30.539954,1
"2376",149.20342,-30.648872,1
"2377",149.136656,-30.621094,1
"2378",149.173522,-30.582635,1
"2379",149.124167,-30.5412,1
"2380",149.141289,-30.647371,1
"2381",149.122384,-30.596207,1
"2382",149.206813,-30.657992,1
"2383",149.19597,-30.593957,1
"2384",149.19597,-30.593957,1
"2385",149.134973,-30.539954,1
"2386",149.20342,-30.648872,1
"2387",149.231263,-30.610225,1
"2388",149.20342,-30.648872,1
"2389",149.237351,-30.582267,1
"2390",149.136656,-30.621094,1
"2391",149.136656,-30.621094,1
"2392",149.138637,-30.629935,1
"2393",149.122384,-30.596207,1
"2394",149.138637,-30.629935,1
"2395",149.238644,-30.59128,1
"2396",149.122384,-30.596207,1
"2397",149.141289,-30.647371,1
"2398",149.238644,-30.59128,1
"2399",149.210131,-30.6126,1
"2400",149.120854,-30.586689,1
"2401",149.173522,-30.582635,1
"2402",149.143406,-30.593129,1
"2403",149.232383,-30.618922,1
"2404",149.20342,-30.648872,1
"2405",149.20342,-30.648872,1
"2406",149.148909,-30.628581,1
"2407",149.154166,-30.664047,1
"2408",149.188964,-30.597861,1
"2409",149.261384,-30.589055,1
"2410",149.19597,-30.593957,1
"2411",149.171485,-30.571612,1
"2412",149.134973,-30.539954,1
"2413",149.241433,-30.607733,1
"2414",149.136656,-30.621094,1
"2415",149.237351,-30.582267,1
"2416",149.148909,-30.628581,1
"2417",149.141289,-30.647371,1
"2418",149.195369,-30.587051,1
"2419",149.173522,-30.582635,1
"2420",149.134973,-30.539954,1
"2421",149.136656,-30.621094,1
"2422",149.19597,-30.593957,1
"2423",149.210131,-30.6126,1
"2424",149.15938,-30.62753,1
"2425",149.136656,-30.621094,1
"2426",149.132794,-30.594405,1
"2427",149.134973,-30.539954,1
"2428",149.136656,-30.621094,1
"2429",149.154166,-30.664047,1
"2430",149.122384,-30.596207,1
"2431",149.138637,-30.629935,1
"2432",149.148909,-30.628581,1
"2433",149.213117,-30.630227,1
"2434",149.210131,-30.6126,1
"2435",149.136656,-30.621094,1
"2436",149.19597,-30.593957,1
"2437",149.122384,-30.596207,1
"2438",149.20342,-30.648872,1
"2439",149.237351,-30.582267,1
"2440",149.20342,-30.648872,1
"2441",149.199776,-30.612668,1
"2442",149.136656,-30.621094,1
"2443",149.241433,-30.607733,1
"2444",149.207156,-30.595049,1
"2445",149.238644,-30.59128,1
"2446",149.232383,-30.618922,1
"2447",149.136656,-30.621094,1
"2448",149.141289,-30.647371,1
"2449",149.147405,-30.619687,1
"2450",149.206084,-30.641553,1
"2451",149.19597,-30.593957,1
"2452",149.136656,-30.621094,1
"2453",149.188964,-30.597861,1
"2454",149.188964,-30.597861,1
"2455",149.148148,-30.556517,1
"2456",149.134973,-30.539954,1
"2457",149.210131,-30.6126,1
"2458",149.148909,-30.628581,1
"2459",149.148909,-30.628581,1
"2460",149.153683,-30.592017,1
"2461",149.148909,-30.628581,1
"2462",149.20342,-30.648872,1
"2463",149.145876,-30.611107,1
"2464",149.232383,-30.618922,1
"2465",149.19597,-30.593957,1
"2466",149.148909,-30.628581,1
"2467",149.099869,-30.588862,1
"2468",149.238644,-30.59128,1
"2469",149.20342,-30.648872,1
"2470",149.20342,-30.648872,1
"2471",149.122384,-30.596207,1
"2472",149.19597,-30.593957,1
"2473",149.134973,-30.539954,1
"2474",149.20342,-30.648872,1
"2475",149.15938,-30.62753,1
"2476",149.124167,-30.5412,1
"2477",149.099869,-30.588862,1
"2478",149.147405,-30.619687,1
"2479",149.154166,-30.664047,1
"2480",149.188964,-30.597861,1
"2481",149.238644,-30.59128,1
"2482",149.124167,-30.5412,1
"2483",149.110479,-30.587882,1
"2484",149.136656,-30.621094,1
"2485",149.185167,-30.588635,1
"2486",149.147405,-30.619687,1
"2487",149.188964,-30.597861,1
"2488",149.195369,-30.587051,1
"2489",149.101499,-30.597973,1
"2490",149.173522,-30.582635,1
"2491",149.122384,-30.596207,1
"2492",149.141289,-30.647371,1
"2493",149.238644,-30.59128,1
"2494",149.120854,-30.586689,1
"2495",149.136656,-30.621094,1
"2496",149.141289,-30.647371,1
"2497",149.136656,-30.621094,1
"2498",149.19597,-30.593957,1
"2499",149.099869,-30.588862,1
"2500",149.238644,-30.59128,1
"2501",149.136656,-30.621094,1
"2502",149.148909,-30.628581,1
"2503",149.207156,-30.595049,1
"2504",149.20342,-30.648872,1
"2505",149.147405,-30.619687,1
"2506",149.147405,-30.619687,1
"2507",149.20342,-30.648872,1
"2508",149.20342,-30.648872,1
"2509",149.241433,-30.607733,1
"2510",149.099869,-30.588862,1
"2511",149.124167,-30.5412,1
"2512",149.122384,-30.596207,1
"2513",149.177599,-30.607436,1
"2514",149.188964,-30.597861,1
"2515",149.20342,-30.648872,1
"2516",149.136656,-30.621094,1
"2517",149.136656,-30.621094,1
"2518",149.159903,-30.564111,1
"2519",149.210131,-30.6126,1
"2520",149.122384,-30.596207,1
"2521",149.210131,-30.6126,1
"2522",149.122384,-30.596207,1
"2523",149.158594,-30.555288,1
"2524",149.124167,-30.5412,1
"2525",149.188964,-30.597861,1
"2526",149.199776,-30.612668,1
"2527",149.15938,-30.62753,1
"2528",149.148909,-30.628581,1
"2529",149.136656,-30.621094,1
"2530",149.107726,-30.578734,1
"2531",149.148909,-30.628581,1
"2532",149.232383,-30.618922,1
"2533",149.20342,-30.648872,1
"2534",149.158594,-30.555288,1
"2535",149.171485,-30.571612,1
"2536",149.099869,-30.588862,1
"2537",149.136656,-30.621094,1
"2538",149.188964,-30.597861,1
"2539",149.185167,-30.588635,1
"2540",149.154166,-30.664047,1
"2541",149.188964,-30.597861,1
"2542",149.213117,-30.630227,1
"2543",149.134973,-30.539954,1
"2544",149.099869,-30.588862,1
"2545",149.241433,-30.607733,1
"2546",149.122384,-30.596207,1
"2547",149.148909,-30.628581,1
"2548",149.147405,-30.619687,1
"2549",149.237351,-30.582267,1
"2550",149.134973,-30.539954,1
"2551",149.122384,-30.596207,1
"2552",149.20342,-30.648872,1
"2553",149.154285,-30.583483,1
"2554",149.099869,-30.588862,1
"2555",149.136656,-30.621094,1
"2556",149.155108,-30.600882,1
"2557",149.19597,-30.593957,1
"2558",149.20342,-30.648872,1
"2559",149.238644,-30.59128,1
"2560",149.195369,-30.587051,1
"2561",149.185167,-30.588635,1
"2562",149.216039,-30.584906,1
"2563",149.136656,-30.621094,1
"2564",149.19597,-30.593957,1
"2565",149.134973,-30.539954,1
"2566",149.148909,-30.628581,1
"2567",149.101499,-30.597973,1
"2568",149.138637,-30.629935,1
"2569",149.122384,-30.596207,1
"2570",149.147405,-30.619687,1
"2571",149.143406,-30.593129,1
"2572",149.141289,-30.647371,1
"2573",149.19597,-30.593957,1
"2574",149.098512,-30.580248,1
"2575",149.199776,-30.612668,1
"2576",149.120854,-30.586689,1
"2577",149.136656,-30.621094,1
"2578",149.19597,-30.593957,1
"2579",149.098512,-30.580248,1
"2580",149.136656,-30.621094,1
"2581",149.19597,-30.593957,1
"2582",149.120854,-30.586689,1
"2583",149.141289,-30.647371,1
"2584",149.098512,-30.580248,1
"2585",149.099869,-30.588862,1
"2586",149.099869,-30.588862,1
"2587",149.101499,-30.597973,1
"2588",149.107726,-30.578734,1
"2589",149.232383,-30.618922,1
"2590",149.238644,-30.59128,1
"2591",149.148909,-30.628581,1
"2592",149.099869,-30.588862,1
"2593",149.20342,-30.648872,1
"2594",149.136656,-30.621094,1
"2595",149.188964,-30.597861,1
"2596",149.154285,-30.583483,1
"2597",149.19597,-30.593957,1
"2598",149.122384,-30.596207,1
"2599",149.134973,-30.539954,1
"2600",149.188964,-30.597861,1
"2601",149.153683,-30.592017,1
"2602",149.099869,-30.588862,1
"2603",149.122384,-30.596207,1
"2604",149.194067,-30.578633,1
"2605",149.136656,-30.621094,1
"2606",149.136656,-30.621094,1
"2607",149.154166,-30.664047,1
"2608",149.154166,-30.664047,1
"2609",149.188964,-30.597861,1
"2610",149.120854,-30.586689,1
"2611",149.15938,-30.62753,1
"2612",149.15938,-30.62753,1
"2613",149.238644,-30.59128,1
"2614",149.136656,-30.621094,1
"2615",149.134973,-30.539954,1
"2616",149.261384,-30.589055,1
"2617",149.237351,-30.582267,1
"2618",149.20342,-30.648872,1
"2619",149.19597,-30.593957,1
"2620",149.232383,-30.618922,1
"2621",149.136656,-30.621094,1
"2622",149.173522,-30.582635,1
"2623",149.206813,-30.657992,1
"2624",149.238644,-30.59128,1
"2625",149.20342,-30.648872,1
"2626",149.148909,-30.628581,1
"2627",149.148909,-30.628581,1
"2628",149.143406,-30.593129,1
"2629",149.134973,-30.539954,1
"2630",149.238644,-30.59128,1
"2631",149.122384,-30.596207,1
"2632",149.147405,-30.619687,1
"2633",149.210131,-30.6126,1
"2634",149.141289,-30.647371,1
"2635",149.147405,-30.619687,1
"2636",149.122384,-30.596207,1
"2637",149.120854,-30.586689,1
"2638",149.134973,-30.539954,1
"2639",149.19597,-30.593957,1
"2640",149.138637,-30.629935,1
"2641",149.136656,-30.621094,1
"2642",149.154285,-30.583483,1
"2643",149.138637,-30.629935,1
"2644",149.136656,-30.621094,1
"2645",149.185167,-30.588635,1
"2646",149.15938,-30.62753,1
"2647",149.238644,-30.59128,1
"2648",149.101499,-30.597973,1
"2649",149.141289,-30.647371,1
"2650",149.136656,-30.621094,1
"2651",149.136656,-30.621094,1
"2652",149.185167,-30.588635,1
"2653",149.238644,-30.59128,1
"2654",149.136656,-30.621094,1
"2655",149.237351,-30.582267,1
"2656",149.185167,-30.588635,1
"2657",149.180284,-30.614883,1
"2658",149.173522,-30.582635,1
"2659",149.241433,-30.607733,1
"2660",149.101499,-30.597973,1
"2661",149.099869,-30.588862,1
"2662",149.17457,-30.589626,1
"2663",149.120854,-30.586689,1
"2664",149.241433,-30.607733,1
"2665",149.19597,-30.593957,1
"2666",149.099869,-30.588862,1
"2667",149.099869,-30.588862,1
"2668",149.126762,-30.559339,1
"2669",149.136656,-30.621094,1
"2670",149.213117,-30.630227,1
"2671",149.208823,-30.60368,1
"2672",149.136656,-30.621094,1
"2673",149.19597,-30.593957,1
"2674",149.136656,-30.621094,1
"2675",149.158594,-30.555288,1
"2676",149.107726,-30.578734,1
"2677",149.124167,-30.5412,1
"2678",149.122384,-30.596207,1
"2679",149.134973,-30.539954,1
"2680",149.136656,-30.621094,1
"2681",149.122384,-30.596207,1
"2682",149.20342,-30.648872,1
"2683",149.099869,-30.588862,1
"2684",149.180284,-30.614883,1
"2685",149.126762,-30.559339,1
"2686",149.101499,-30.597973,1
"2687",149.132794,-30.594405,1
"2688",153.1033,-26.39727,1
"2689",150.306836,-34.649315,1
"2690",150.151417,-33.376247,1
"2691",150.182837,-33.437468,1
"2692",150.151381,-33.376048,1
"2693",150.134195,-33.372253,1
"2694",150.158095,-33.382369,1
"2695",150.132417,-33.365198,1
"2696",150.201905,-33.42233,1
"2697",150.127953,-33.371226,1
"2698",150.127721,-33.371103,1
"2699",150.127953,-33.371226,1
"2700",148.18778,-25.043467,1
"2701",144.405202,-37.278446,1
"2702",148.210466,-25.049173,1
"2703",149.2719,-35.3634,1
"2704",151.00588,-30.57343,1
"2705",153.2,-30.07055,1
"2706",149.21745,-35.66034,1
"2707",151.58336,-30.33163,1
"2708",149.39127,-35.56631,1
"2709",151.58336,-30.33163,1
"2710",150.76508,-33.6783,1
"2711",149.39127,-35.56631,1
"2712",149.27202,-35.36782,1
"2713",149.21745,-35.66034,1
"2714",149.8727,-35.0757,1
"2715",151.00686,-30.57851,1
"2716",149.39127,-35.56631,1
"2717",153.07992,-30.92809,1
"2718",150.75957,-33.67403,1
"2719",151.58336,-30.33163,1
"2720",149.87132,-35.07692,1
"2721",149.236445,-30.557439,1
"2722",149.236445,-30.557439,1
"2723",149.236445,-30.557439,1
"2724",150.071458,-31.08136,1
"2725",149.550205,-33.457504,1
"2726",150.086075,-31.098483,1
"2727",149.236445,-30.557439,1
"2728",150.098664,-31.085619,1
"2729",149.236445,-30.557439,1
"2730",150.65307,-33.77617,1
"2731",144.95536,-37.61716,1
"2732",144.2793,-37.5156,1
"2733",144.3163,-37.4159,1
"2734",144.1,-37.268,1
"2735",144.31,-37.307,1
"2736",149.176019,-35.170673,1
"2737",149.06507,-35.267071,1
"2738",149.1505,-35.166654,1
"2739",152.930556,-27.564897,1
"2740",153.053333,-30.891944,1
"2741",153.066756,-30.908083,1
"2742",150.915912,-33.810567,1
"2743",149.110468,-35.275601,1
"2744",149.145779,-35.401319,1
"2745",145.491832,-37.739593,1
"2746",145.594805,-37.984363,1
"2747",150.744285,-33.728291,1
"2748",144.26715,-37.389062,1
"2749",145.274728,-37.869476,1
"2750",144.268527,-37.391455,1
"2751",149.488717,-36.111046,1
"2752",145.167455,-37.745287,1
"2753",150.744874,-33.726844,1
"2754",149.73044,-34.752569,1
"2755",149.486335,-36.111809,1
"2756",149.730131,-34.752523,1
"2757",149.471615,-36.112017,1
"2758",148.919462,-35.459457,1
"2759",149.17836,-35.378355,1
"2760",150.757888,-35.159489,1
"2761",153.188652,-30.175833,1
"2762",152.548521,-27.34968,1
"2763",148.129483,-36.541983,1
"2764",148.928678,-35.443722,1
"2765",152.047188,-30.275212,1
"2766",145.6301,-35.881117,1
"2767",153.4,-27.9,1
"2768",148.3,-35.6,1
"2769",150,-36.7,1
"2770",153.1,-27.2,1
"2771",146.3,-38.9,1
"2772",149.119114,-35.362719,1
"2773",150.702744,-34.018164,1
"2774",152.873487,-30.829425,1
"2775",152.548301,-27.349814,1
"2776",149.11599,-35.24653,1
"2777",144.206606,-37.834629,1
"2778",149.063078,-35.426945,1
"2779",149.048567,-20.923656,1
"2780",149.06293,-35.426901,1
"2781",149.486979,-36.112537,1
"2782",151.701255,-29.301839,1
"2783",149.468569,-36.110838,1
"2784",148.780667,-26.577375,1
"2785",149.152816,-35.168451,1
"2786",149.10386,-35.326114,1
"2787",149.880119,-36.939904,1
"2788",150.761039,-35.15157,1
"2789",144.26715,-37.389062,1
"2790",144.26715,-37.389062,1
"2791",145.428558,-17.642719,1
"2792",144.26715,-37.389062,1
"2793",144.26715,-37.389062,1
"2794",144.26715,-37.389062,1
"2795",144.26762,-37.389077,1
"2796",144.26762,-37.389077,1
"2797",144.26762,-37.389077,1
"2798",144.26762,-37.389077,1
"2799",144.26715,-37.389062,1
"2800",144.26715,-37.389062,1
"2801",144.26762,-37.389077,1
"2802",144.26762,-37.389077,1
"2803",153.069266,-27.029898,1
"2804",152.959503,-27.751538,1
"2805",149.9,-36.9,1
"2806",145.5,-37.6,1
"2807",151.6,-30.5,1
"2808",150.3,-35.6,1
"2809",139.566129,-34.773359,1
"2810",145.371653,-38.026464,1
"2811",145.371653,-38.026464,1
"2812",145.371653,-38.026464,1
"2813",148.080763,-42.581727,1
"2814",145.371653,-38.026464,1
"2815",145.371653,-38.026464,1
"2816",145.371653,-38.026464,1
"2817",145.371653,-38.026464,1
"2818",145.371653,-38.026464,1
"2819",145.371653,-38.026464,1
"2820",149.157289,-35.30601,1
"2821",148.575218,-35.852607,1
"2822",148.40691,-35.863261,1
"2823",152.860497,-31.458818,1
"2824",148.419374,-35.887113,1
"2825",148.58623,-35.868987,1
"2826",148.40636,-35.859111,1
"2827",148.407049,-35.867406,1
"2828",148.577218,-35.854104,1
"2829",151.442351,-32.93873,1
"2830",148.409318,-35.879153,1
"2831",148.575559,-35.845255,1
"2832",151.705429,-29.248129,1
"2833",151.696632,-29.236193,1
"2834",151.903473,-29.106686,1
"2835",150.602048,-33.900046,1
"2836",151.900986,-29.104292,1
"2837",152.82135,-31.14569,1
"2838",152.813177,-31.279588,1
"2839",152.815604,-31.285257,1
"2840",152.80394,-31.362114,1
"2841",152.822289,-31.160165,1
"2842",152.815604,-31.285257,1
"2843",152.815604,-31.285257,1
"2844",152.815604,-31.285257,1
"2845",152.815604,-31.285257,1
"2846",152.80394,-31.362114,1
"2847",152.80394,-31.362114,1
"2848",152.80394,-31.362114,1
"2849",152.80394,-31.362114,1
"2850",152.815604,-31.285257,1
"2851",152.80394,-31.362114,1
"2852",152.80394,-31.362114,1
"2853",152.82239,-31.453495,1
"2854",152.82239,-31.453495,1
"2855",152.82276,-31.171994,1
"2856",152.82276,-31.171994,1
"2857",152.80394,-31.362114,1
"2858",152.82239,-31.453495,1
"2859",152.80394,-31.362114,1
"2860",152.80394,-31.362114,1
"2861",152.823567,-31.234813,1
"2862",152.82276,-31.171994,1
"2863",152.815604,-31.285257,1
"2864",152.80394,-31.362114,1
"2865",149.06755,-33.29475,1
"2866",152.80394,-31.362114,1
"2867",152.815604,-31.285257,1
"2868",152.80394,-31.362114,1
"2869",152.82239,-31.453495,1
"2870",152.815604,-31.285257,1
"2871",152.823567,-31.234813,1
"2872",152.80394,-31.362114,1
"2873",152.815604,-31.285257,1
"2874",152.815604,-31.285257,1
"2875",152.823567,-31.234813,1
"2876",152.815604,-31.285257,1
"2877",152.82239,-31.453495,1
"2878",152.823567,-31.234813,1
"2879",152.815604,-31.285257,1
"2880",152.82239,-31.453495,1
"2881",152.815604,-31.285257,1
"2882",152.815604,-31.285257,1
"2883",152.80394,-31.362114,1
"2884",152.815604,-31.285257,1
"2885",152.82276,-31.171994,1
"2886",152.823567,-31.234813,1
"2887",152.80394,-31.362114,1
"2888",145.371653,-38.026464,1
"2889",149.880119,-36.939904,1
"2890",149.124167,-30.5412,1
"2891",149.155108,-30.600882,1
"2892",149.141744,-30.566735,1
"2893",149.122384,-30.596207,1
"2894",149.207156,-30.595049,1
"2895",149.099869,-30.588862,1
"2896",149.147405,-30.619687,1
"2897",149.130248,-30.585608,1
"2898",149.141289,-30.647371,1
"2899",149.184519,-30.65145,1
"2900",149.099869,-30.588862,1
"2901",149.184519,-30.65145,1
"2902",149.118634,-30.560659,1
"2903",149.206813,-30.657992,1
"2904",149.124167,-30.5412,1
"2905",149.184519,-30.65145,1
"2906",149.15938,-30.62753,1
"2907",149.141744,-30.566735,1
"2908",149.124167,-30.5412,1
"2909",149.136656,-30.621094,1
"2910",149.128695,-30.576709,1
"2911",149.184519,-30.65145,1
"2912",149.160492,-30.636394,1
"2913",149.204357,-30.577332,1
"2914",149.169848,-30.625886,1
"2915",149.240005,-30.599899,1
"2916",149.169848,-30.625886,1
"2917",149.124167,-30.5412,1
"2918",149.169848,-30.625886,1
"2919",149.188964,-30.597861,1
"2920",149.110479,-30.587882,1
"2921",149.118634,-30.560659,1
"2922",149.163057,-30.581836,1
"2923",149.165385,-30.59973,1
"2924",149.111963,-30.596876,1
"2925",149.138637,-30.629935,1
"2926",149.148909,-30.628581,1
"2927",149.207156,-30.595049,1
"2928",149.206813,-30.657992,1
"2929",149.169848,-30.625886,1
"2930",149.155108,-30.600882,1
"2931",149.099869,-30.588862,1
"2932",149.141289,-30.647371,1
"2933",149.188964,-30.597861,1
"2934",149.145876,-30.611107,1
"2935",149.15938,-30.62753,1
"2936",149.115634,-30.569113,1
"2937",149.158594,-30.555288,1
"2938",149.107726,-30.578734,1
"2939",149.163057,-30.581836,1
"2940",149.124167,-30.5412,1
"2941",149.187786,-30.606273,1
"2942",149.107726,-30.578734,1
"2943",149.141289,-30.647371,1
"2944",149.205738,-30.585958,1
"2945",149.161834,-30.645024,1
"2946",149.159903,-30.564111,1
"2947",149.194067,-30.578633,1
"2948",149.180284,-30.614883,1
"2949",149.147405,-30.619687,1
"2950",149.240005,-30.599899,1
"2951",149.184519,-30.65145,1
"2952",149.171485,-30.571612,1
"2953",149.115634,-30.569113,1
"2954",149.148909,-30.628581,1
"2955",149.185167,-30.588635,1
"2956",149.184519,-30.65145,1
"2957",149.177599,-30.607436,1
"2958",149.172185,-30.644153,1
"2959",149.171485,-30.571612,1
"2960",149.17598,-30.59846,1
"2961",149.118634,-30.560659,1
"2962",149.188964,-30.597861,1
"2963",149.154166,-30.664047,1
"2964",149.194067,-30.578633,1
"2965",149.188964,-30.597861,1
"2966",149.154166,-30.664047,1
"2967",149.155108,-30.600882,1
"2968",149.138637,-30.629935,1
"2969",149.188964,-30.597861,1
"2970",149.130248,-30.585608,1
"2971",149.17457,-30.589626,1
"2972",149.099869,-30.588862,1
"2973",149.122384,-30.596207,1
"2974",149.148909,-30.628581,1
"2975",149.134973,-30.539954,1
"2976",149.145876,-30.611107,1
"2977",149.118634,-30.560659,1
"2978",149.177599,-30.607436,1
"2979",149.122384,-30.596207,1
"2980",149.120854,-30.586689,1
"2981",149.122384,-30.596207,1
"2982",149.148148,-30.556517,1
"2983",149.181107,-30.624646,1
"2984",149.145876,-30.611107,1
"2985",149.148148,-30.556517,1
"2986",149.148148,-30.556517,1
"2987",149.194067,-30.578633,1
"2988",149.148909,-30.628581,1
"2989",149.145876,-30.611107,1
"2990",149.15938,-30.62753,1
"2991",149.188964,-30.597861,1
"2992",149.115634,-30.569113,1
"2993",149.160492,-30.636394,1
"2994",149.141289,-30.647371,1
"2995",149.160492,-30.636394,1
"2996",149.171485,-30.571612,1
"2997",149.188964,-30.597861,1
"2998",149.136656,-30.621094,1
"2999",149.155108,-30.600882,1
"3000",149.159903,-30.564111,1
"3001",149.240005,-30.599899,1
"3002",149.155108,-30.600882,1
"3003",149.148148,-30.556517,1
"3004",149.148909,-30.628581,1
"3005",150.03138,-35.64378,1
"3006",149.143406,-30.593129,1
"3007",149.185167,-30.588635,1
"3008",149.188964,-30.597861,1
